:START_ID,:END_ID,:TYPE
#9816,#9815,HAS_BOUNDS
#9821,#9820,HAS_BOUNDS
#9826,#9825,HAS_BOUNDS
#9829,#9828,HAS_BOUNDS
#9832,#9831,HAS_BOUNDS
#9835,#9834,HAS_BOUNDS
#9843,#9842,HAS_BOUNDS
#9848,#9847,HAS_BOUNDS
#9853,#9852,HAS_BOUNDS
#9856,#9855,HAS_BOUNDS
#9859,#9858,HAS_BOUNDS
#9862,#9861,HAS_BOUNDS
#9870,#9869,HAS_BOUNDS
#9875,#9874,HAS_BOUNDS
#9880,#9879,HAS_BOUNDS
#9883,#9882,HAS_BOUNDS
#9886,#9885,HAS_BOUNDS
#9889,#9888,HAS_BOUNDS
#9897,#9896,HAS_BOUNDS
#9902,#9901,HAS_BOUNDS
#9907,#9906,HAS_BOUNDS
#9910,#9909,HAS_BOUNDS
#9913,#9912,HAS_BOUNDS
#9916,#9915,HAS_BOUNDS
#9924,#9923,HAS_BOUNDS
#9929,#9928,HAS_BOUNDS
#9934,#9933,HAS_BOUNDS
#9937,#9936,HAS_BOUNDS
#9940,#9939,HAS_BOUNDS
#9943,#9942,HAS_BOUNDS
#9951,#9950,HAS_BOUNDS
#9956,#9955,HAS_BOUNDS
#9961,#9960,HAS_BOUNDS
#9964,#9963,HAS_BOUNDS
#9967,#9966,HAS_BOUNDS
#9970,#9969,HAS_BOUNDS
#9978,#9977,HAS_BOUNDS
#9983,#9982,HAS_BOUNDS
#9988,#9987,HAS_BOUNDS
#9991,#9990,HAS_BOUNDS
#9994,#9993,HAS_BOUNDS
#9997,#9996,HAS_BOUNDS
#10005,#10004,HAS_BOUNDS
#10010,#10009,HAS_BOUNDS
#10015,#10014,HAS_BOUNDS
#10018,#10017,HAS_BOUNDS
#10021,#10020,HAS_BOUNDS
#10024,#10023,HAS_BOUNDS
#10032,#10031,HAS_BOUNDS
#10037,#10036,HAS_BOUNDS
#10042,#10041,HAS_BOUNDS
#10045,#10044,HAS_BOUNDS
#10048,#10047,HAS_BOUNDS
#10051,#10050,HAS_BOUNDS
#10059,#10058,HAS_BOUNDS
#10064,#10063,HAS_BOUNDS
#10069,#10068,HAS_BOUNDS
#10072,#10071,HAS_BOUNDS
#10075,#10074,HAS_BOUNDS
#10078,#10077,HAS_BOUNDS
#10086,#10085,HAS_BOUNDS
#10091,#10090,HAS_BOUNDS
#10096,#10095,HAS_BOUNDS
#10099,#10098,HAS_BOUNDS
#10102,#10101,HAS_BOUNDS
#10105,#10104,HAS_BOUNDS
#10113,#10112,HAS_BOUNDS
#10118,#10117,HAS_BOUNDS
#10123,#10122,HAS_BOUNDS
#10126,#10125,HAS_BOUNDS
#10129,#10128,HAS_BOUNDS
#10132,#10131,HAS_BOUNDS
#10140,#10139,HAS_BOUNDS
#10145,#10144,HAS_BOUNDS
#10150,#10149,HAS_BOUNDS
#10153,#10152,HAS_BOUNDS
#10156,#10155,HAS_BOUNDS
#10159,#10158,HAS_BOUNDS
#10167,#10166,HAS_BOUNDS
#10172,#10171,HAS_BOUNDS
#10177,#10176,HAS_BOUNDS
#10180,#10179,HAS_BOUNDS
#10183,#10182,HAS_BOUNDS
#10186,#10185,HAS_BOUNDS
#10194,#10193,HAS_BOUNDS
#10199,#10198,HAS_BOUNDS
#10204,#10203,HAS_BOUNDS
#10207,#10206,HAS_BOUNDS
#10210,#10209,HAS_BOUNDS
#10213,#10212,HAS_BOUNDS
#10221,#10220,HAS_BOUNDS
#10226,#10225,HAS_BOUNDS
#10231,#10230,HAS_BOUNDS
#10234,#10233,HAS_BOUNDS
#10237,#10236,HAS_BOUNDS
#10240,#10239,HAS_BOUNDS
#10248,#10247,HAS_BOUNDS
#10253,#10252,HAS_BOUNDS
#10258,#10257,HAS_BOUNDS
#10261,#10260,HAS_BOUNDS
#10264,#10263,HAS_BOUNDS
#10267,#10266,HAS_BOUNDS
#10275,#10274,HAS_BOUNDS
#10280,#10279,HAS_BOUNDS
#10285,#10284,HAS_BOUNDS
#10288,#10287,HAS_BOUNDS
#10291,#10290,HAS_BOUNDS
#10294,#10293,HAS_BOUNDS
#10302,#10301,HAS_BOUNDS
#10307,#10306,HAS_BOUNDS
#10312,#10311,HAS_BOUNDS
#10315,#10314,HAS_BOUNDS
#10318,#10317,HAS_BOUNDS
#10321,#10320,HAS_BOUNDS
#10329,#10328,HAS_BOUNDS
#10334,#10333,HAS_BOUNDS
#10339,#10338,HAS_BOUNDS
#10342,#10341,HAS_BOUNDS
#10345,#10344,HAS_BOUNDS
#10348,#10347,HAS_BOUNDS
#10356,#10355,HAS_BOUNDS
#10361,#10360,HAS_BOUNDS
#10366,#10365,HAS_BOUNDS
#10369,#10368,HAS_BOUNDS
#10372,#10371,HAS_BOUNDS
#10375,#10374,HAS_BOUNDS
#10383,#10382,HAS_BOUNDS
#10388,#10387,HAS_BOUNDS
#10393,#10392,HAS_BOUNDS
#10396,#10395,HAS_BOUNDS
#10399,#10398,HAS_BOUNDS
#10402,#10401,HAS_BOUNDS
#10410,#10409,HAS_BOUNDS
#10415,#10414,HAS_BOUNDS
#10420,#10419,HAS_BOUNDS
#10423,#10422,HAS_BOUNDS
#10426,#10425,HAS_BOUNDS
#10429,#10428,HAS_BOUNDS
#10437,#10436,HAS_BOUNDS
#10442,#10441,HAS_BOUNDS
#10447,#10446,HAS_BOUNDS
#10450,#10449,HAS_BOUNDS
#10453,#10452,HAS_BOUNDS
#10456,#10455,HAS_BOUNDS
#10464,#10463,HAS_BOUNDS
#10469,#10468,HAS_BOUNDS
#10474,#10473,HAS_BOUNDS
#10477,#10476,HAS_BOUNDS
#10480,#10479,HAS_BOUNDS
#10483,#10482,HAS_BOUNDS
#10491,#10490,HAS_BOUNDS
#10496,#10495,HAS_BOUNDS
#10501,#10500,HAS_BOUNDS
#10504,#10503,HAS_BOUNDS
#10507,#10506,HAS_BOUNDS
#10510,#10509,HAS_BOUNDS
#10518,#10517,HAS_BOUNDS
#10523,#10522,HAS_BOUNDS
#10528,#10527,HAS_BOUNDS
#10531,#10530,HAS_BOUNDS
#10534,#10533,HAS_BOUNDS
#10537,#10536,HAS_BOUNDS
#10545,#10544,HAS_BOUNDS
#10550,#10549,HAS_BOUNDS
#10555,#10554,HAS_BOUNDS
#10558,#10557,HAS_BOUNDS
#10561,#10560,HAS_BOUNDS
#10564,#10563,HAS_BOUNDS
#10572,#10571,HAS_BOUNDS
#10577,#10576,HAS_BOUNDS
#10582,#10581,HAS_BOUNDS
#10585,#10584,HAS_BOUNDS
#10588,#10587,HAS_BOUNDS
#10591,#10590,HAS_BOUNDS
#10599,#10598,HAS_BOUNDS
#10604,#10603,HAS_BOUNDS
#10609,#10608,HAS_BOUNDS
#10612,#10611,HAS_BOUNDS
#10615,#10614,HAS_BOUNDS
#10618,#10617,HAS_BOUNDS
#10626,#10625,HAS_BOUNDS
#10631,#10630,HAS_BOUNDS
#10636,#10635,HAS_BOUNDS
#10639,#10638,HAS_BOUNDS
#10642,#10641,HAS_BOUNDS
#10645,#10644,HAS_BOUNDS
#10653,#10652,HAS_BOUNDS
#10658,#10657,HAS_BOUNDS
#10663,#10662,HAS_BOUNDS
#10666,#10665,HAS_BOUNDS
#10669,#10668,HAS_BOUNDS
#10672,#10671,HAS_BOUNDS
#10680,#10679,HAS_BOUNDS
#10685,#10684,HAS_BOUNDS
#10690,#10689,HAS_BOUNDS
#10693,#10692,HAS_BOUNDS
#10696,#10695,HAS_BOUNDS
#10699,#10698,HAS_BOUNDS
#10707,#10706,HAS_BOUNDS
#10712,#10711,HAS_BOUNDS
#10717,#10716,HAS_BOUNDS
#10720,#10719,HAS_BOUNDS
#10723,#10722,HAS_BOUNDS
#10726,#10725,HAS_BOUNDS
#10734,#10733,HAS_BOUNDS
#10739,#10738,HAS_BOUNDS
#10744,#10743,HAS_BOUNDS
#10747,#10746,HAS_BOUNDS
#10750,#10749,HAS_BOUNDS
#10753,#10752,HAS_BOUNDS
#10761,#10760,HAS_BOUNDS
#10766,#10765,HAS_BOUNDS
#10771,#10770,HAS_BOUNDS
#10774,#10773,HAS_BOUNDS
#10777,#10776,HAS_BOUNDS
#10780,#10779,HAS_BOUNDS
#10788,#10787,HAS_BOUNDS
#10793,#10792,HAS_BOUNDS
#10798,#10797,HAS_BOUNDS
#10801,#10800,HAS_BOUNDS
#10804,#10803,HAS_BOUNDS
#10807,#10806,HAS_BOUNDS
#10815,#10814,HAS_BOUNDS
#10820,#10819,HAS_BOUNDS
#10825,#10824,HAS_BOUNDS
#10828,#10827,HAS_BOUNDS
#10831,#10830,HAS_BOUNDS
#10834,#10833,HAS_BOUNDS
#10842,#10841,HAS_BOUNDS
#10847,#10846,HAS_BOUNDS
#10852,#10851,HAS_BOUNDS
#10855,#10854,HAS_BOUNDS
#10858,#10857,HAS_BOUNDS
#10861,#10860,HAS_BOUNDS
#10869,#10868,HAS_BOUNDS
#10874,#10873,HAS_BOUNDS
#10879,#10878,HAS_BOUNDS
#10882,#10881,HAS_BOUNDS
#10885,#10884,HAS_BOUNDS
#10888,#10887,HAS_BOUNDS
#10896,#10895,HAS_BOUNDS
#10901,#10900,HAS_BOUNDS
#10906,#10905,HAS_BOUNDS
#10909,#10908,HAS_BOUNDS
#10912,#10911,HAS_BOUNDS
#10915,#10914,HAS_BOUNDS
#10923,#10922,HAS_BOUNDS
#10928,#10927,HAS_BOUNDS
#10933,#10932,HAS_BOUNDS
#10936,#10935,HAS_BOUNDS
#10939,#10938,HAS_BOUNDS
#10942,#10941,HAS_BOUNDS
#10950,#10949,HAS_BOUNDS
#10955,#10954,HAS_BOUNDS
#10960,#10959,HAS_BOUNDS
#10963,#10962,HAS_BOUNDS
#10966,#10965,HAS_BOUNDS
#10969,#10968,HAS_BOUNDS
#10977,#10976,HAS_BOUNDS
#10982,#10981,HAS_BOUNDS
#10987,#10986,HAS_BOUNDS
#10990,#10989,HAS_BOUNDS
#10993,#10992,HAS_BOUNDS
#10996,#10995,HAS_BOUNDS
#11004,#11003,HAS_BOUNDS
#11009,#11008,HAS_BOUNDS
#11014,#11013,HAS_BOUNDS
#11017,#11016,HAS_BOUNDS
#11020,#11019,HAS_BOUNDS
#11023,#11022,HAS_BOUNDS
#11031,#11030,HAS_BOUNDS
#11036,#11035,HAS_BOUNDS
#11041,#11040,HAS_BOUNDS
#11044,#11043,HAS_BOUNDS
#11047,#11046,HAS_BOUNDS
#11050,#11049,HAS_BOUNDS
#11058,#11057,HAS_BOUNDS
#11063,#11062,HAS_BOUNDS
#11068,#11067,HAS_BOUNDS
#11071,#11070,HAS_BOUNDS
#11074,#11073,HAS_BOUNDS
#11077,#11076,HAS_BOUNDS
#11085,#11084,HAS_BOUNDS
#11090,#11089,HAS_BOUNDS
#11095,#11094,HAS_BOUNDS
#11098,#11097,HAS_BOUNDS
#11101,#11100,HAS_BOUNDS
#11104,#11103,HAS_BOUNDS
#11112,#11111,HAS_BOUNDS
#11117,#11116,HAS_BOUNDS
#11122,#11121,HAS_BOUNDS
#11125,#11124,HAS_BOUNDS
#11128,#11127,HAS_BOUNDS
#11131,#11130,HAS_BOUNDS
#11139,#11138,HAS_BOUNDS
#11144,#11143,HAS_BOUNDS
#11149,#11148,HAS_BOUNDS
#11152,#11151,HAS_BOUNDS
#11155,#11154,HAS_BOUNDS
#11158,#11157,HAS_BOUNDS
#11166,#11165,HAS_BOUNDS
#11171,#11170,HAS_BOUNDS
#11176,#11175,HAS_BOUNDS
#11179,#11178,HAS_BOUNDS
#11182,#11181,HAS_BOUNDS
#11185,#11184,HAS_BOUNDS
#11193,#11192,HAS_BOUNDS
#11198,#11197,HAS_BOUNDS
#11203,#11202,HAS_BOUNDS
#11206,#11205,HAS_BOUNDS
#11209,#11208,HAS_BOUNDS
#11212,#11211,HAS_BOUNDS
#11220,#11219,HAS_BOUNDS
#11225,#11224,HAS_BOUNDS
#11230,#11229,HAS_BOUNDS
#11233,#11232,HAS_BOUNDS
#11236,#11235,HAS_BOUNDS
#11239,#11238,HAS_BOUNDS
#11247,#11246,HAS_BOUNDS
#11252,#11251,HAS_BOUNDS
#11257,#11256,HAS_BOUNDS
#11260,#11259,HAS_BOUNDS
#11263,#11262,HAS_BOUNDS
#11266,#11265,HAS_BOUNDS
#11274,#11273,HAS_BOUNDS
#11279,#11278,HAS_BOUNDS
#11284,#11283,HAS_BOUNDS
#11287,#11286,HAS_BOUNDS
#11290,#11289,HAS_BOUNDS
#11293,#11292,HAS_BOUNDS
#11301,#11300,HAS_BOUNDS
#11306,#11305,HAS_BOUNDS
#11311,#11310,HAS_BOUNDS
#11314,#11313,HAS_BOUNDS
#11317,#11316,HAS_BOUNDS
#11320,#11319,HAS_BOUNDS
#11328,#11327,HAS_BOUNDS
#11333,#11332,HAS_BOUNDS
#11338,#11337,HAS_BOUNDS
#11341,#11340,HAS_BOUNDS
#11344,#11343,HAS_BOUNDS
#11347,#11346,HAS_BOUNDS
#11355,#11354,HAS_BOUNDS
#11360,#11359,HAS_BOUNDS
#11365,#11364,HAS_BOUNDS
#11372,#11371,HAS_BOUNDS
#11377,#11376,HAS_BOUNDS
#11380,#11379,HAS_BOUNDS
#11387,#11386,HAS_BOUNDS
#11392,#11391,HAS_BOUNDS
#11395,#11394,HAS_BOUNDS
#11402,#11401,HAS_BOUNDS
#11405,#11404,HAS_BOUNDS
#11408,#11407,HAS_BOUNDS
#11411,#11410,HAS_BOUNDS
#11414,#11413,HAS_BOUNDS
#11422,#11421,HAS_BOUNDS
#11427,#11426,HAS_BOUNDS
#11432,#11431,HAS_BOUNDS
#11439,#11438,HAS_BOUNDS
#11444,#11443,HAS_BOUNDS
#11447,#11446,HAS_BOUNDS
#11454,#11453,HAS_BOUNDS
#11459,#11458,HAS_BOUNDS
#11462,#11461,HAS_BOUNDS
#11469,#11468,HAS_BOUNDS
#11472,#11471,HAS_BOUNDS
#11475,#11474,HAS_BOUNDS
#11478,#11477,HAS_BOUNDS
#11481,#11480,HAS_BOUNDS
#11489,#11488,HAS_BOUNDS
#11494,#11493,HAS_BOUNDS
#11499,#11498,HAS_BOUNDS
#11506,#11505,HAS_BOUNDS
#11511,#11510,HAS_BOUNDS
#11514,#11513,HAS_BOUNDS
#11521,#11520,HAS_BOUNDS
#11526,#11525,HAS_BOUNDS
#11529,#11528,HAS_BOUNDS
#11536,#11535,HAS_BOUNDS
#11539,#11538,HAS_BOUNDS
#11542,#11541,HAS_BOUNDS
#11545,#11544,HAS_BOUNDS
#11548,#11547,HAS_BOUNDS
#11556,#11555,HAS_BOUNDS
#11561,#11560,HAS_BOUNDS
#11566,#11565,HAS_BOUNDS
#11573,#11572,HAS_BOUNDS
#11578,#11577,HAS_BOUNDS
#11581,#11580,HAS_BOUNDS
#11588,#11587,HAS_BOUNDS
#11593,#11592,HAS_BOUNDS
#11596,#11595,HAS_BOUNDS
#11603,#11602,HAS_BOUNDS
#11606,#11605,HAS_BOUNDS
#11609,#11608,HAS_BOUNDS
#11612,#11611,HAS_BOUNDS
#11615,#11614,HAS_BOUNDS
#11623,#11622,HAS_BOUNDS
#11630,#11629,HAS_BOUNDS
#11633,#11632,HAS_BOUNDS
#11638,#11637,HAS_BOUNDS
#11643,#11642,HAS_BOUNDS
#11650,#11649,HAS_BOUNDS
#11653,#11652,HAS_BOUNDS
#11658,#11657,HAS_BOUNDS
#11663,#11662,HAS_BOUNDS
#11668,#11667,HAS_BOUNDS
#11673,#11672,HAS_BOUNDS
#11678,#11677,HAS_BOUNDS
#11683,#11682,HAS_BOUNDS
#11686,#11685,HAS_BOUNDS
#11689,#11688,HAS_BOUNDS
#11692,#11691,HAS_BOUNDS
#11710,#11709,HAS_BOUNDS
#11715,#11714,HAS_BOUNDS
#11720,#11719,HAS_BOUNDS
#11726,#11725,HAS_BOUNDS
#11729,#11728,HAS_BOUNDS
#11733,#11732,HAS_BOUNDS
#11736,#11735,HAS_BOUNDS
#11739,#11738,HAS_BOUNDS
#11743,#11742,HAS_BOUNDS
#11746,#11745,HAS_BOUNDS
#11749,#11748,HAS_BOUNDS
#11752,#11751,HAS_BOUNDS
#11756,#11755,HAS_BOUNDS
#11760,#11759,HAS_BOUNDS
#11764,#11763,HAS_BOUNDS
#11769,#11768,HAS_BOUNDS
#11773,#11772,HAS_BOUNDS
#11778,#11777,HAS_BOUNDS
#11781,#11780,HAS_BOUNDS
#11784,#11783,HAS_BOUNDS
#11787,#11786,HAS_BOUNDS
#11790,#11789,HAS_BOUNDS
#11794,#11793,HAS_BOUNDS
#11797,#11796,HAS_BOUNDS
#11800,#11799,HAS_BOUNDS
#11805,#11804,HAS_BOUNDS
#11808,#11807,HAS_BOUNDS
#11814,#11813,HAS_BOUNDS
#11818,#11817,HAS_BOUNDS
#11822,#11821,HAS_BOUNDS
#11825,#11824,HAS_BOUNDS
#11828,#11827,HAS_BOUNDS
#11831,#11830,HAS_BOUNDS
#11834,#11833,HAS_BOUNDS
#11837,#11836,HAS_BOUNDS
#11842,#11841,HAS_BOUNDS
#11845,#11844,HAS_BOUNDS
#11850,#11849,HAS_BOUNDS
#11855,#11854,HAS_BOUNDS
#11859,#11858,HAS_BOUNDS
#11863,#11862,HAS_BOUNDS
#11867,#11866,HAS_BOUNDS
#11870,#11869,HAS_BOUNDS
#11873,#11872,HAS_BOUNDS
#11876,#11875,HAS_BOUNDS
#11879,#11878,HAS_BOUNDS
#11882,#11881,HAS_BOUNDS
#11885,#11884,HAS_BOUNDS
#11888,#11887,HAS_BOUNDS
#11895,#11894,HAS_BOUNDS
#11900,#11899,HAS_BOUNDS
#11907,#11906,HAS_BOUNDS
#11910,#11909,HAS_BOUNDS
#11915,#11914,HAS_BOUNDS
#11920,#11919,HAS_BOUNDS
#11927,#11926,HAS_BOUNDS
#11930,#11929,HAS_BOUNDS
#11937,#11936,HAS_BOUNDS
#11942,#11941,HAS_BOUNDS
#11945,#11944,HAS_BOUNDS
#11950,#11949,HAS_BOUNDS
#11957,#11956,HAS_BOUNDS
#11960,#11959,HAS_BOUNDS
#11967,#11966,HAS_BOUNDS
#11972,#11971,HAS_BOUNDS
#11975,#11974,HAS_BOUNDS
#11980,#11979,HAS_BOUNDS
#11987,#11986,HAS_BOUNDS
#11992,#11991,HAS_BOUNDS
#11999,#11998,HAS_BOUNDS
#12002,#12001,HAS_BOUNDS
#12005,#12004,HAS_BOUNDS
#12008,#12007,HAS_BOUNDS
#12035,#12034,HAS_BOUNDS
#12038,#12037,HAS_BOUNDS
#12041,#12040,HAS_BOUNDS
#12044,#12043,HAS_BOUNDS
#12047,#12046,HAS_BOUNDS
#12050,#12049,HAS_BOUNDS
#12053,#12052,HAS_BOUNDS
#12056,#12055,HAS_BOUNDS
#12059,#12058,HAS_BOUNDS
#12062,#12061,HAS_BOUNDS
#12065,#12064,HAS_BOUNDS
#12068,#12067,HAS_BOUNDS
#12071,#12070,HAS_BOUNDS
#12074,#12073,HAS_BOUNDS
#12077,#12076,HAS_BOUNDS
#12080,#12079,HAS_BOUNDS
#12083,#12082,HAS_BOUNDS
#12086,#12085,HAS_BOUNDS
#12089,#12088,HAS_BOUNDS
#12092,#12091,HAS_BOUNDS
#12095,#12094,HAS_BOUNDS
#12098,#12097,HAS_BOUNDS
#12101,#12100,HAS_BOUNDS
#12104,#12103,HAS_BOUNDS
#12107,#12106,HAS_BOUNDS
#12110,#12109,HAS_BOUNDS
#12113,#12112,HAS_BOUNDS
#12116,#12115,HAS_BOUNDS
#12119,#12118,HAS_BOUNDS
#12122,#12121,HAS_BOUNDS
#12125,#12124,HAS_BOUNDS
#12128,#12127,HAS_BOUNDS
#12131,#12130,HAS_BOUNDS
#12134,#12133,HAS_BOUNDS
#12137,#12136,HAS_BOUNDS
#12140,#12139,HAS_BOUNDS
#12143,#12142,HAS_BOUNDS
#12146,#12145,HAS_BOUNDS
#12149,#12148,HAS_BOUNDS
#12152,#12151,HAS_BOUNDS
#12155,#12154,HAS_BOUNDS
#12158,#12157,HAS_BOUNDS
#12161,#12160,HAS_BOUNDS
#12164,#12163,HAS_BOUNDS
#12167,#12166,HAS_BOUNDS
#12170,#12169,HAS_BOUNDS
#12173,#12172,HAS_BOUNDS
#12176,#12175,HAS_BOUNDS
#12179,#12178,HAS_BOUNDS
#12331,#12330,HAS_BOUNDS
#12338,#12337,HAS_BOUNDS
#12345,#12344,HAS_BOUNDS
#12352,#12351,HAS_BOUNDS
#12355,#12354,HAS_BOUNDS
#12358,#12357,HAS_BOUNDS
#12361,#12360,HAS_BOUNDS
#12364,#12363,HAS_BOUNDS
#12367,#12366,HAS_BOUNDS
#12370,#12369,HAS_BOUNDS
#12373,#12372,HAS_BOUNDS
#12376,#12375,HAS_BOUNDS
#12384,#12383,HAS_BOUNDS
#12391,#12390,HAS_BOUNDS
#12398,#12397,HAS_BOUNDS
#12405,#12404,HAS_BOUNDS
#12408,#12407,HAS_BOUNDS
#12411,#12410,HAS_BOUNDS
#12414,#12413,HAS_BOUNDS
#12417,#12416,HAS_BOUNDS
#12420,#12419,HAS_BOUNDS
#12423,#12422,HAS_BOUNDS
#12426,#12425,HAS_BOUNDS
#12429,#12428,HAS_BOUNDS
#12443,#12436,HAS_BOUNDS
#12456,#12449,HAS_BOUNDS
#12469,#12462,HAS_BOUNDS
#12482,#12475,HAS_BOUNDS
#12485,#12484,HAS_BOUNDS
#12488,#12487,HAS_BOUNDS
#12491,#12490,HAS_BOUNDS
#12494,#12493,HAS_BOUNDS
#12497,#12496,HAS_BOUNDS
#12500,#12499,HAS_BOUNDS
#12503,#12502,HAS_BOUNDS
#12506,#12505,HAS_BOUNDS
#12509,#12508,HAS_BOUNDS
#12512,#12511,HAS_BOUNDS
#12515,#12514,HAS_BOUNDS
#12518,#12517,HAS_BOUNDS
#12521,#12520,HAS_BOUNDS
#12524,#12523,HAS_BOUNDS
#12527,#12526,HAS_BOUNDS
#12530,#12529,HAS_BOUNDS
#12538,#12537,HAS_BOUNDS
#12545,#12544,HAS_BOUNDS
#12548,#12547,HAS_BOUNDS
#12551,#12550,HAS_BOUNDS
#12554,#12553,HAS_BOUNDS
#12557,#12556,HAS_BOUNDS
#12733,#12732,HAS_BOUNDS
#12740,#12739,HAS_BOUNDS
#12747,#12746,HAS_BOUNDS
#12754,#12753,HAS_BOUNDS
#12757,#12756,HAS_BOUNDS
#12760,#12759,HAS_BOUNDS
#12763,#12762,HAS_BOUNDS
#12766,#12765,HAS_BOUNDS
#12769,#12768,HAS_BOUNDS
#12772,#12771,HAS_BOUNDS
#12775,#12774,HAS_BOUNDS
#12778,#12777,HAS_BOUNDS
#12786,#12785,HAS_BOUNDS
#12793,#12792,HAS_BOUNDS
#12800,#12799,HAS_BOUNDS
#12807,#12806,HAS_BOUNDS
#12810,#12809,HAS_BOUNDS
#12813,#12812,HAS_BOUNDS
#12816,#12815,HAS_BOUNDS
#12819,#12818,HAS_BOUNDS
#12822,#12821,HAS_BOUNDS
#12825,#12824,HAS_BOUNDS
#12828,#12827,HAS_BOUNDS
#12831,#12830,HAS_BOUNDS
#12845,#12838,HAS_BOUNDS
#12858,#12851,HAS_BOUNDS
#12871,#12864,HAS_BOUNDS
#12884,#12877,HAS_BOUNDS
#12887,#12886,HAS_BOUNDS
#12890,#12889,HAS_BOUNDS
#12893,#12892,HAS_BOUNDS
#12896,#12895,HAS_BOUNDS
#12899,#12898,HAS_BOUNDS
#12902,#12901,HAS_BOUNDS
#12905,#12904,HAS_BOUNDS
#12908,#12907,HAS_BOUNDS
#12911,#12910,HAS_BOUNDS
#12914,#12913,HAS_BOUNDS
#12917,#12916,HAS_BOUNDS
#12920,#12919,HAS_BOUNDS
#12923,#12922,HAS_BOUNDS
#12926,#12925,HAS_BOUNDS
#12929,#12928,HAS_BOUNDS
#12932,#12931,HAS_BOUNDS
#12940,#12939,HAS_BOUNDS
#12947,#12946,HAS_BOUNDS
#12950,#12949,HAS_BOUNDS
#12953,#12952,HAS_BOUNDS
#12956,#12955,HAS_BOUNDS
#12959,#12958,HAS_BOUNDS
#13088,#13087,HAS_BOUNDS
#13095,#13094,HAS_BOUNDS
#13102,#13101,HAS_BOUNDS
#13109,#13108,HAS_BOUNDS
#13112,#13111,HAS_BOUNDS
#13115,#13114,HAS_BOUNDS
#13118,#13117,HAS_BOUNDS
#13121,#13120,HAS_BOUNDS
#13124,#13123,HAS_BOUNDS
#13127,#13126,HAS_BOUNDS
#13130,#13129,HAS_BOUNDS
#13133,#13132,HAS_BOUNDS
#13141,#13140,HAS_BOUNDS
#13148,#13147,HAS_BOUNDS
#13155,#13154,HAS_BOUNDS
#13162,#13161,HAS_BOUNDS
#13165,#13164,HAS_BOUNDS
#13168,#13167,HAS_BOUNDS
#13171,#13170,HAS_BOUNDS
#13174,#13173,HAS_BOUNDS
#13177,#13176,HAS_BOUNDS
#13180,#13179,HAS_BOUNDS
#13183,#13182,HAS_BOUNDS
#13186,#13185,HAS_BOUNDS
#13200,#13193,HAS_BOUNDS
#13213,#13206,HAS_BOUNDS
#13226,#13219,HAS_BOUNDS
#13239,#13232,HAS_BOUNDS
#13242,#13241,HAS_BOUNDS
#13245,#13244,HAS_BOUNDS
#13248,#13247,HAS_BOUNDS
#13251,#13250,HAS_BOUNDS
#13254,#13253,HAS_BOUNDS
#13257,#13256,HAS_BOUNDS
#13260,#13259,HAS_BOUNDS
#13263,#13262,HAS_BOUNDS
#13266,#13265,HAS_BOUNDS
#13269,#13268,HAS_BOUNDS
#13272,#13271,HAS_BOUNDS
#13275,#13274,HAS_BOUNDS
#13278,#13277,HAS_BOUNDS
#13281,#13280,HAS_BOUNDS
#13284,#13283,HAS_BOUNDS
#13287,#13286,HAS_BOUNDS
#13295,#13294,HAS_BOUNDS
#13302,#13301,HAS_BOUNDS
#13305,#13304,HAS_BOUNDS
#13308,#13307,HAS_BOUNDS
#13311,#13310,HAS_BOUNDS
#13314,#13313,HAS_BOUNDS
#13442,#13441,HAS_BOUNDS
#13449,#13448,HAS_BOUNDS
#13456,#13455,HAS_BOUNDS
#13463,#13462,HAS_BOUNDS
#13466,#13465,HAS_BOUNDS
#13469,#13468,HAS_BOUNDS
#13472,#13471,HAS_BOUNDS
#13475,#13474,HAS_BOUNDS
#13478,#13477,HAS_BOUNDS
#13481,#13480,HAS_BOUNDS
#13484,#13483,HAS_BOUNDS
#13487,#13486,HAS_BOUNDS
#13495,#13494,HAS_BOUNDS
#13502,#13501,HAS_BOUNDS
#13509,#13508,HAS_BOUNDS
#13516,#13515,HAS_BOUNDS
#13519,#13518,HAS_BOUNDS
#13522,#13521,HAS_BOUNDS
#13525,#13524,HAS_BOUNDS
#13528,#13527,HAS_BOUNDS
#13531,#13530,HAS_BOUNDS
#13534,#13533,HAS_BOUNDS
#13537,#13536,HAS_BOUNDS
#13540,#13539,HAS_BOUNDS
#13554,#13547,HAS_BOUNDS
#13567,#13560,HAS_BOUNDS
#13580,#13573,HAS_BOUNDS
#13593,#13586,HAS_BOUNDS
#13596,#13595,HAS_BOUNDS
#13599,#13598,HAS_BOUNDS
#13602,#13601,HAS_BOUNDS
#13605,#13604,HAS_BOUNDS
#13608,#13607,HAS_BOUNDS
#13611,#13610,HAS_BOUNDS
#13614,#13613,HAS_BOUNDS
#13617,#13616,HAS_BOUNDS
#13620,#13619,HAS_BOUNDS
#13623,#13622,HAS_BOUNDS
#13626,#13625,HAS_BOUNDS
#13629,#13628,HAS_BOUNDS
#13632,#13631,HAS_BOUNDS
#13635,#13634,HAS_BOUNDS
#13638,#13637,HAS_BOUNDS
#13641,#13640,HAS_BOUNDS
#13649,#13648,HAS_BOUNDS
#13656,#13655,HAS_BOUNDS
#13659,#13658,HAS_BOUNDS
#13662,#13661,HAS_BOUNDS
#13665,#13664,HAS_BOUNDS
#13668,#13667,HAS_BOUNDS
#13797,#13796,HAS_BOUNDS
#13804,#13803,HAS_BOUNDS
#13811,#13810,HAS_BOUNDS
#13818,#13817,HAS_BOUNDS
#13821,#13820,HAS_BOUNDS
#13824,#13823,HAS_BOUNDS
#13827,#13826,HAS_BOUNDS
#13830,#13829,HAS_BOUNDS
#13833,#13832,HAS_BOUNDS
#13836,#13835,HAS_BOUNDS
#13839,#13838,HAS_BOUNDS
#13842,#13841,HAS_BOUNDS
#13850,#13849,HAS_BOUNDS
#13857,#13856,HAS_BOUNDS
#13864,#13863,HAS_BOUNDS
#13871,#13870,HAS_BOUNDS
#13874,#13873,HAS_BOUNDS
#13877,#13876,HAS_BOUNDS
#13880,#13879,HAS_BOUNDS
#13883,#13882,HAS_BOUNDS
#13886,#13885,HAS_BOUNDS
#13889,#13888,HAS_BOUNDS
#13892,#13891,HAS_BOUNDS
#13895,#13894,HAS_BOUNDS
#13909,#13902,HAS_BOUNDS
#13922,#13915,HAS_BOUNDS
#13935,#13928,HAS_BOUNDS
#13948,#13941,HAS_BOUNDS
#13951,#13950,HAS_BOUNDS
#13954,#13953,HAS_BOUNDS
#13957,#13956,HAS_BOUNDS
#13960,#13959,HAS_BOUNDS
#13963,#13962,HAS_BOUNDS
#13966,#13965,HAS_BOUNDS
#13969,#13968,HAS_BOUNDS
#13972,#13971,HAS_BOUNDS
#13975,#13974,HAS_BOUNDS
#13978,#13977,HAS_BOUNDS
#13981,#13980,HAS_BOUNDS
#13984,#13983,HAS_BOUNDS
#13987,#13986,HAS_BOUNDS
#13990,#13989,HAS_BOUNDS
#13993,#13992,HAS_BOUNDS
#13996,#13995,HAS_BOUNDS
#14004,#14003,HAS_BOUNDS
#14011,#14010,HAS_BOUNDS
#14014,#14013,HAS_BOUNDS
#14017,#14016,HAS_BOUNDS
#14020,#14019,HAS_BOUNDS
#14023,#14022,HAS_BOUNDS
#14151,#14150,HAS_BOUNDS
#14158,#14157,HAS_BOUNDS
#14165,#14164,HAS_BOUNDS
#14172,#14171,HAS_BOUNDS
#14175,#14174,HAS_BOUNDS
#14178,#14177,HAS_BOUNDS
#14181,#14180,HAS_BOUNDS
#14184,#14183,HAS_BOUNDS
#14187,#14186,HAS_BOUNDS
#14190,#14189,HAS_BOUNDS
#14193,#14192,HAS_BOUNDS
#14196,#14195,HAS_BOUNDS
#14204,#14203,HAS_BOUNDS
#14211,#14210,HAS_BOUNDS
#14218,#14217,HAS_BOUNDS
#14225,#14224,HAS_BOUNDS
#14228,#14227,HAS_BOUNDS
#14231,#14230,HAS_BOUNDS
#14234,#14233,HAS_BOUNDS
#14237,#14236,HAS_BOUNDS
#14240,#14239,HAS_BOUNDS
#14243,#14242,HAS_BOUNDS
#14246,#14245,HAS_BOUNDS
#14249,#14248,HAS_BOUNDS
#14263,#14256,HAS_BOUNDS
#14276,#14269,HAS_BOUNDS
#14289,#14282,HAS_BOUNDS
#14302,#14295,HAS_BOUNDS
#14305,#14304,HAS_BOUNDS
#14308,#14307,HAS_BOUNDS
#14311,#14310,HAS_BOUNDS
#14314,#14313,HAS_BOUNDS
#14317,#14316,HAS_BOUNDS
#14320,#14319,HAS_BOUNDS
#14323,#14322,HAS_BOUNDS
#14326,#14325,HAS_BOUNDS
#14329,#14328,HAS_BOUNDS
#14332,#14331,HAS_BOUNDS
#14335,#14334,HAS_BOUNDS
#14338,#14337,HAS_BOUNDS
#14341,#14340,HAS_BOUNDS
#14344,#14343,HAS_BOUNDS
#14347,#14346,HAS_BOUNDS
#14350,#14349,HAS_BOUNDS
#14358,#14357,HAS_BOUNDS
#14365,#14364,HAS_BOUNDS
#14368,#14367,HAS_BOUNDS
#14371,#14370,HAS_BOUNDS
#14374,#14373,HAS_BOUNDS
#14377,#14376,HAS_BOUNDS
#14506,#14505,HAS_BOUNDS
#14513,#14512,HAS_BOUNDS
#14520,#14519,HAS_BOUNDS
#14527,#14526,HAS_BOUNDS
#14530,#14529,HAS_BOUNDS
#14533,#14532,HAS_BOUNDS
#14536,#14535,HAS_BOUNDS
#14539,#14538,HAS_BOUNDS
#14542,#14541,HAS_BOUNDS
#14545,#14544,HAS_BOUNDS
#14548,#14547,HAS_BOUNDS
#14551,#14550,HAS_BOUNDS
#14559,#14558,HAS_BOUNDS
#14566,#14565,HAS_BOUNDS
#14573,#14572,HAS_BOUNDS
#14580,#14579,HAS_BOUNDS
#14583,#14582,HAS_BOUNDS
#14586,#14585,HAS_BOUNDS
#14589,#14588,HAS_BOUNDS
#14592,#14591,HAS_BOUNDS
#14595,#14594,HAS_BOUNDS
#14598,#14597,HAS_BOUNDS
#14601,#14600,HAS_BOUNDS
#14604,#14603,HAS_BOUNDS
#14618,#14611,HAS_BOUNDS
#14631,#14624,HAS_BOUNDS
#14644,#14637,HAS_BOUNDS
#14657,#14650,HAS_BOUNDS
#14660,#14659,HAS_BOUNDS
#14663,#14662,HAS_BOUNDS
#14666,#14665,HAS_BOUNDS
#14669,#14668,HAS_BOUNDS
#14672,#14671,HAS_BOUNDS
#14675,#14674,HAS_BOUNDS
#14678,#14677,HAS_BOUNDS
#14681,#14680,HAS_BOUNDS
#14684,#14683,HAS_BOUNDS
#14687,#14686,HAS_BOUNDS
#14690,#14689,HAS_BOUNDS
#14693,#14692,HAS_BOUNDS
#14696,#14695,HAS_BOUNDS
#14699,#14698,HAS_BOUNDS
#14702,#14701,HAS_BOUNDS
#14705,#14704,HAS_BOUNDS
#14713,#14712,HAS_BOUNDS
#14720,#14719,HAS_BOUNDS
#14723,#14722,HAS_BOUNDS
#14726,#14725,HAS_BOUNDS
#14729,#14728,HAS_BOUNDS
#14732,#14731,HAS_BOUNDS
#14860,#14859,HAS_BOUNDS
#14867,#14866,HAS_BOUNDS
#14874,#14873,HAS_BOUNDS
#14881,#14880,HAS_BOUNDS
#14884,#14883,HAS_BOUNDS
#14887,#14886,HAS_BOUNDS
#14890,#14889,HAS_BOUNDS
#14893,#14892,HAS_BOUNDS
#14896,#14895,HAS_BOUNDS
#14899,#14898,HAS_BOUNDS
#14902,#14901,HAS_BOUNDS
#14905,#14904,HAS_BOUNDS
#14913,#14912,HAS_BOUNDS
#14920,#14919,HAS_BOUNDS
#14927,#14926,HAS_BOUNDS
#14934,#14933,HAS_BOUNDS
#14937,#14936,HAS_BOUNDS
#14940,#14939,HAS_BOUNDS
#14943,#14942,HAS_BOUNDS
#14946,#14945,HAS_BOUNDS
#14949,#14948,HAS_BOUNDS
#14952,#14951,HAS_BOUNDS
#14955,#14954,HAS_BOUNDS
#14958,#14957,HAS_BOUNDS
#14972,#14965,HAS_BOUNDS
#14985,#14978,HAS_BOUNDS
#14998,#14991,HAS_BOUNDS
#15011,#15004,HAS_BOUNDS
#15014,#15013,HAS_BOUNDS
#15017,#15016,HAS_BOUNDS
#15020,#15019,HAS_BOUNDS
#15023,#15022,HAS_BOUNDS
#15026,#15025,HAS_BOUNDS
#15029,#15028,HAS_BOUNDS
#15032,#15031,HAS_BOUNDS
#15035,#15034,HAS_BOUNDS
#15038,#15037,HAS_BOUNDS
#15041,#15040,HAS_BOUNDS
#15044,#15043,HAS_BOUNDS
#15047,#15046,HAS_BOUNDS
#15050,#15049,HAS_BOUNDS
#15053,#15052,HAS_BOUNDS
#15056,#15055,HAS_BOUNDS
#15059,#15058,HAS_BOUNDS
#15067,#15066,HAS_BOUNDS
#15074,#15073,HAS_BOUNDS
#15077,#15076,HAS_BOUNDS
#15080,#15079,HAS_BOUNDS
#15083,#15082,HAS_BOUNDS
#15086,#15085,HAS_BOUNDS
#15217,#15216,HAS_BOUNDS
#15224,#15223,HAS_BOUNDS
#15231,#15230,HAS_BOUNDS
#15238,#15237,HAS_BOUNDS
#15245,#15244,HAS_BOUNDS
#15252,#15251,HAS_BOUNDS
#15259,#15258,HAS_BOUNDS
#15266,#15265,HAS_BOUNDS
#15269,#15268,HAS_BOUNDS
#15272,#15271,HAS_BOUNDS
#15275,#15274,HAS_BOUNDS
#15278,#15277,HAS_BOUNDS
#15281,#15280,HAS_BOUNDS
#15284,#15283,HAS_BOUNDS
#15287,#15286,HAS_BOUNDS
#15290,#15289,HAS_BOUNDS
#15293,#15292,HAS_BOUNDS
#15296,#15295,HAS_BOUNDS
#15299,#15298,HAS_BOUNDS
#15302,#15301,HAS_BOUNDS
#15305,#15304,HAS_BOUNDS
#15308,#15307,HAS_BOUNDS
#15311,#15310,HAS_BOUNDS
#15314,#15313,HAS_BOUNDS
#15322,#15321,HAS_BOUNDS
#15329,#15328,HAS_BOUNDS
#15336,#15335,HAS_BOUNDS
#15343,#15342,HAS_BOUNDS
#15350,#15349,HAS_BOUNDS
#15357,#15356,HAS_BOUNDS
#15364,#15363,HAS_BOUNDS
#15371,#15370,HAS_BOUNDS
#15374,#15373,HAS_BOUNDS
#15377,#15376,HAS_BOUNDS
#15380,#15379,HAS_BOUNDS
#15383,#15382,HAS_BOUNDS
#15386,#15385,HAS_BOUNDS
#15389,#15388,HAS_BOUNDS
#15392,#15391,HAS_BOUNDS
#15395,#15394,HAS_BOUNDS
#15398,#15397,HAS_BOUNDS
#15401,#15400,HAS_BOUNDS
#15404,#15403,HAS_BOUNDS
#15407,#15406,HAS_BOUNDS
#15410,#15409,HAS_BOUNDS
#15413,#15412,HAS_BOUNDS
#15416,#15415,HAS_BOUNDS
#15419,#15418,HAS_BOUNDS
#15427,#15426,HAS_BOUNDS
#15434,#15433,HAS_BOUNDS
#15437,#15436,HAS_BOUNDS
#15440,#15439,HAS_BOUNDS
#15443,#15442,HAS_BOUNDS
#15446,#15445,HAS_BOUNDS
#15610,#15609,HAS_BOUNDS
#15617,#15616,HAS_BOUNDS
#15624,#15623,HAS_BOUNDS
#15631,#15630,HAS_BOUNDS
#15638,#15637,HAS_BOUNDS
#15645,#15644,HAS_BOUNDS
#15652,#15651,HAS_BOUNDS
#15659,#15658,HAS_BOUNDS
#15662,#15661,HAS_BOUNDS
#15665,#15664,HAS_BOUNDS
#15668,#15667,HAS_BOUNDS
#15671,#15670,HAS_BOUNDS
#15674,#15673,HAS_BOUNDS
#15677,#15676,HAS_BOUNDS
#15680,#15679,HAS_BOUNDS
#15683,#15682,HAS_BOUNDS
#15686,#15685,HAS_BOUNDS
#15689,#15688,HAS_BOUNDS
#15692,#15691,HAS_BOUNDS
#15695,#15694,HAS_BOUNDS
#15698,#15697,HAS_BOUNDS
#15701,#15700,HAS_BOUNDS
#15704,#15703,HAS_BOUNDS
#15707,#15706,HAS_BOUNDS
#15715,#15714,HAS_BOUNDS
#15722,#15721,HAS_BOUNDS
#15729,#15728,HAS_BOUNDS
#15736,#15735,HAS_BOUNDS
#15743,#15742,HAS_BOUNDS
#15750,#15749,HAS_BOUNDS
#15757,#15756,HAS_BOUNDS
#15764,#15763,HAS_BOUNDS
#15767,#15766,HAS_BOUNDS
#15770,#15769,HAS_BOUNDS
#15773,#15772,HAS_BOUNDS
#15776,#15775,HAS_BOUNDS
#15779,#15778,HAS_BOUNDS
#15782,#15781,HAS_BOUNDS
#15785,#15784,HAS_BOUNDS
#15788,#15787,HAS_BOUNDS
#15791,#15790,HAS_BOUNDS
#15794,#15793,HAS_BOUNDS
#15797,#15796,HAS_BOUNDS
#15800,#15799,HAS_BOUNDS
#15803,#15802,HAS_BOUNDS
#15806,#15805,HAS_BOUNDS
#15809,#15808,HAS_BOUNDS
#15812,#15811,HAS_BOUNDS
#15820,#15819,HAS_BOUNDS
#15827,#15826,HAS_BOUNDS
#15830,#15829,HAS_BOUNDS
#15833,#15832,HAS_BOUNDS
#15836,#15835,HAS_BOUNDS
#15839,#15838,HAS_BOUNDS
#17139,#17138,HAS_BOUNDS
#17156,#17155,HAS_BOUNDS
#17159,#17158,HAS_BOUNDS
#17162,#17161,HAS_BOUNDS
#17165,#17164,HAS_BOUNDS
#17168,#17167,HAS_BOUNDS
#17171,#17170,HAS_BOUNDS
#17174,#17173,HAS_BOUNDS
#17177,#17176,HAS_BOUNDS
#17180,#17179,HAS_BOUNDS
#17183,#17182,HAS_BOUNDS
#17188,#17187,HAS_BOUNDS
#17193,#17192,HAS_BOUNDS
#17196,#17195,HAS_BOUNDS
#17199,#17198,HAS_BOUNDS
#17204,#17203,HAS_BOUNDS
#17209,#17208,HAS_BOUNDS
#17212,#17211,HAS_BOUNDS
#17215,#17214,HAS_BOUNDS
#17218,#17217,HAS_BOUNDS
#17221,#17220,HAS_BOUNDS
#17224,#17223,HAS_BOUNDS
#17232,#17231,HAS_BOUNDS
#17239,#17238,HAS_BOUNDS
#17245,#17244,HAS_BOUNDS
#17252,#17251,HAS_BOUNDS
#17255,#17254,HAS_BOUNDS
#17258,#17257,HAS_BOUNDS
#17261,#17260,HAS_BOUNDS
#17264,#17263,HAS_BOUNDS
#17267,#17266,HAS_BOUNDS
#17270,#17269,HAS_BOUNDS
#17273,#17272,HAS_BOUNDS
#17276,#17275,HAS_BOUNDS
#18203,#18202,HAS_BOUNDS
#18216,#18215,HAS_BOUNDS
#18219,#18218,HAS_BOUNDS
#18224,#18223,HAS_BOUNDS
#18228,#18227,HAS_BOUNDS
#18233,#18232,HAS_BOUNDS
#18236,#18235,HAS_BOUNDS
#18241,#18240,HAS_BOUNDS
#18244,#18243,HAS_BOUNDS
#18247,#18246,HAS_BOUNDS
#18251,#18250,HAS_BOUNDS
#18254,#18253,HAS_BOUNDS
#18257,#18256,HAS_BOUNDS
#18260,#18259,HAS_BOUNDS
#18263,#18262,HAS_BOUNDS
#18266,#18265,HAS_BOUNDS
#18270,#18269,HAS_BOUNDS
#18275,#18274,HAS_BOUNDS
#18279,#18278,HAS_BOUNDS
#18283,#18282,HAS_BOUNDS
#18288,#18287,HAS_BOUNDS
#18291,#18290,HAS_BOUNDS
#18294,#18293,HAS_BOUNDS
#18298,#18297,HAS_BOUNDS
#18301,#18300,HAS_BOUNDS
#18304,#18303,HAS_BOUNDS
#18307,#18306,HAS_BOUNDS
#18310,#18309,HAS_BOUNDS
#18313,#18312,HAS_BOUNDS
#18316,#18315,HAS_BOUNDS
#18334,#18333,HAS_BOUNDS
#18351,#18350,HAS_BOUNDS
#18368,#18367,HAS_BOUNDS
#18385,#18384,HAS_BOUNDS
#18402,#18401,HAS_BOUNDS
#18419,#18418,HAS_BOUNDS
#18436,#18435,HAS_BOUNDS
#18453,#18452,HAS_BOUNDS
#18457,#18456,HAS_BOUNDS
#18462,#18461,HAS_BOUNDS
#18467,#18466,HAS_BOUNDS
#18472,#18471,HAS_BOUNDS
#18476,#18475,HAS_BOUNDS
#18479,#18478,HAS_BOUNDS
#18482,#18481,HAS_BOUNDS
#18485,#18484,HAS_BOUNDS
#18490,#18489,HAS_BOUNDS
#18493,#18492,HAS_BOUNDS
#18498,#18497,HAS_BOUNDS
#18503,#18502,HAS_BOUNDS
#18506,#18505,HAS_BOUNDS
#18509,#18508,HAS_BOUNDS
#18512,#18511,HAS_BOUNDS
#18515,#18514,HAS_BOUNDS
#18518,#18517,HAS_BOUNDS
#18521,#18520,HAS_BOUNDS
#18524,#18523,HAS_BOUNDS
#18528,#18527,HAS_BOUNDS
#18532,#18531,HAS_BOUNDS
#18537,#18536,HAS_BOUNDS
#18542,#18541,HAS_BOUNDS
#18545,#18544,HAS_BOUNDS
#18548,#18547,HAS_BOUNDS
#18551,#18550,HAS_BOUNDS
#18554,#18553,HAS_BOUNDS
#18557,#18556,HAS_BOUNDS
#18562,#18561,HAS_BOUNDS
#18567,#18566,HAS_BOUNDS
#18571,#18570,HAS_BOUNDS
#18576,#18575,HAS_BOUNDS
#18579,#18578,HAS_BOUNDS
#18583,#18582,HAS_BOUNDS
#18586,#18585,HAS_BOUNDS
#18589,#18588,HAS_BOUNDS
#18592,#18591,HAS_BOUNDS
#18595,#18594,HAS_BOUNDS
#18599,#18598,HAS_BOUNDS
#18604,#18603,HAS_BOUNDS
#18609,#18608,HAS_BOUNDS
#18614,#18613,HAS_BOUNDS
#18618,#18617,HAS_BOUNDS
#18621,#18620,HAS_BOUNDS
#18624,#18623,HAS_BOUNDS
#18627,#18626,HAS_BOUNDS
#18632,#18631,HAS_BOUNDS
#18635,#18634,HAS_BOUNDS
#18640,#18639,HAS_BOUNDS
#18645,#18644,HAS_BOUNDS
#18648,#18647,HAS_BOUNDS
#18651,#18650,HAS_BOUNDS
#18654,#18653,HAS_BOUNDS
#18657,#18656,HAS_BOUNDS
#18660,#18659,HAS_BOUNDS
#18663,#18662,HAS_BOUNDS
#18666,#18665,HAS_BOUNDS
#18670,#18669,HAS_BOUNDS
#18674,#18673,HAS_BOUNDS
#18679,#18678,HAS_BOUNDS
#18684,#18683,HAS_BOUNDS
#18687,#18686,HAS_BOUNDS
#18690,#18689,HAS_BOUNDS
#18693,#18692,HAS_BOUNDS
#18696,#18695,HAS_BOUNDS
#18699,#18698,HAS_BOUNDS
#18704,#18703,HAS_BOUNDS
#18709,#18708,HAS_BOUNDS
#18713,#18712,HAS_BOUNDS
#18718,#18717,HAS_BOUNDS
#18721,#18720,HAS_BOUNDS
#18725,#18724,HAS_BOUNDS
#18728,#18727,HAS_BOUNDS
#18731,#18730,HAS_BOUNDS
#18734,#18733,HAS_BOUNDS
#18737,#18736,HAS_BOUNDS
#18741,#18740,HAS_BOUNDS
#18746,#18745,HAS_BOUNDS
#18751,#18750,HAS_BOUNDS
#18756,#18755,HAS_BOUNDS
#18760,#18759,HAS_BOUNDS
#18763,#18762,HAS_BOUNDS
#18766,#18765,HAS_BOUNDS
#18769,#18768,HAS_BOUNDS
#18772,#18771,HAS_BOUNDS
#18777,#18776,HAS_BOUNDS
#18780,#18779,HAS_BOUNDS
#18785,#18784,HAS_BOUNDS
#18790,#18789,HAS_BOUNDS
#18793,#18792,HAS_BOUNDS
#18796,#18795,HAS_BOUNDS
#18799,#18798,HAS_BOUNDS
#18802,#18801,HAS_BOUNDS
#18805,#18804,HAS_BOUNDS
#18808,#18807,HAS_BOUNDS
#18811,#18810,HAS_BOUNDS
#18814,#18813,HAS_BOUNDS
#18818,#18817,HAS_BOUNDS
#18822,#18821,HAS_BOUNDS
#18827,#18826,HAS_BOUNDS
#18832,#18831,HAS_BOUNDS
#18835,#18834,HAS_BOUNDS
#18838,#18837,HAS_BOUNDS
#18841,#18840,HAS_BOUNDS
#18844,#18843,HAS_BOUNDS
#18847,#18846,HAS_BOUNDS
#18852,#18851,HAS_BOUNDS
#18857,#18856,HAS_BOUNDS
#18861,#18860,HAS_BOUNDS
#18866,#18865,HAS_BOUNDS
#18869,#18868,HAS_BOUNDS
#18873,#18872,HAS_BOUNDS
#18876,#18875,HAS_BOUNDS
#18879,#18878,HAS_BOUNDS
#18882,#18881,HAS_BOUNDS
#18885,#18884,HAS_BOUNDS
#18889,#18888,HAS_BOUNDS
#18894,#18893,HAS_BOUNDS
#18899,#18898,HAS_BOUNDS
#18904,#18903,HAS_BOUNDS
#18908,#18907,HAS_BOUNDS
#18911,#18910,HAS_BOUNDS
#18914,#18913,HAS_BOUNDS
#18917,#18916,HAS_BOUNDS
#18922,#18921,HAS_BOUNDS
#18925,#18924,HAS_BOUNDS
#18930,#18929,HAS_BOUNDS
#18935,#18934,HAS_BOUNDS
#18938,#18937,HAS_BOUNDS
#18941,#18940,HAS_BOUNDS
#18944,#18943,HAS_BOUNDS
#18947,#18946,HAS_BOUNDS
#18950,#18949,HAS_BOUNDS
#18953,#18952,HAS_BOUNDS
#18956,#18955,HAS_BOUNDS
#18959,#18958,HAS_BOUNDS
#18963,#18962,HAS_BOUNDS
#18967,#18966,HAS_BOUNDS
#18972,#18971,HAS_BOUNDS
#18977,#18976,HAS_BOUNDS
#18980,#18979,HAS_BOUNDS
#18983,#18982,HAS_BOUNDS
#18986,#18985,HAS_BOUNDS
#18989,#18988,HAS_BOUNDS
#18992,#18991,HAS_BOUNDS
#18997,#18996,HAS_BOUNDS
#19002,#19001,HAS_BOUNDS
#19006,#19005,HAS_BOUNDS
#19011,#19010,HAS_BOUNDS
#19014,#19013,HAS_BOUNDS
#19018,#19017,HAS_BOUNDS
#19021,#19020,HAS_BOUNDS
#19024,#19023,HAS_BOUNDS
#19027,#19026,HAS_BOUNDS
#19030,#19029,HAS_BOUNDS
#19050,#19049,HAS_BOUNDS
#19069,#19068,HAS_BOUNDS
#19073,#19072,HAS_BOUNDS
#19077,#19076,HAS_BOUNDS
#19080,#19079,HAS_BOUNDS
#19085,#19084,HAS_BOUNDS
#19088,#19087,HAS_BOUNDS
#19092,#19091,HAS_BOUNDS
#19096,#19095,HAS_BOUNDS
#19099,#19098,HAS_BOUNDS
#19102,#19101,HAS_BOUNDS
#19105,#19104,HAS_BOUNDS
#19108,#19107,HAS_BOUNDS
#19112,#19111,HAS_BOUNDS
#19116,#19115,HAS_BOUNDS
#19119,#19118,HAS_BOUNDS
#19124,#19123,HAS_BOUNDS
#19127,#19126,HAS_BOUNDS
#19131,#19130,HAS_BOUNDS
#19135,#19134,HAS_BOUNDS
#19138,#19137,HAS_BOUNDS
#19141,#19140,HAS_BOUNDS
#19144,#19143,HAS_BOUNDS
#19147,#19146,HAS_BOUNDS
#19151,#19150,HAS_BOUNDS
#19155,#19154,HAS_BOUNDS
#19158,#19157,HAS_BOUNDS
#19163,#19162,HAS_BOUNDS
#19166,#19165,HAS_BOUNDS
#19170,#19169,HAS_BOUNDS
#19174,#19173,HAS_BOUNDS
#19177,#19176,HAS_BOUNDS
#19180,#19179,HAS_BOUNDS
#19183,#19182,HAS_BOUNDS
#19186,#19185,HAS_BOUNDS
#19190,#19189,HAS_BOUNDS
#19194,#19193,HAS_BOUNDS
#19197,#19196,HAS_BOUNDS
#19202,#19201,HAS_BOUNDS
#19205,#19204,HAS_BOUNDS
#19209,#19208,HAS_BOUNDS
#19213,#19212,HAS_BOUNDS
#19216,#19215,HAS_BOUNDS
#19219,#19218,HAS_BOUNDS
#19222,#19221,HAS_BOUNDS
#19225,#19224,HAS_BOUNDS
#19613,#19612,HAS_BOUNDS
#19626,#19625,HAS_BOUNDS
#19629,#19628,HAS_BOUNDS
#19634,#19633,HAS_BOUNDS
#19637,#19636,HAS_BOUNDS
#19640,#19639,HAS_BOUNDS
#19645,#19644,HAS_BOUNDS
#19649,#19648,HAS_BOUNDS
#19653,#19652,HAS_BOUNDS
#19656,#19655,HAS_BOUNDS
#19659,#19658,HAS_BOUNDS
#19662,#19661,HAS_BOUNDS
#19665,#19664,HAS_BOUNDS
#19668,#19667,HAS_BOUNDS
#19672,#19671,HAS_BOUNDS
#19676,#19675,HAS_BOUNDS
#19679,#19678,HAS_BOUNDS
#19684,#19683,HAS_BOUNDS
#19687,#19686,HAS_BOUNDS
#19691,#19690,HAS_BOUNDS
#19695,#19694,HAS_BOUNDS
#19698,#19697,HAS_BOUNDS
#19701,#19700,HAS_BOUNDS
#19704,#19703,HAS_BOUNDS
#19707,#19706,HAS_BOUNDS
#19710,#19709,HAS_BOUNDS
#19728,#19727,HAS_BOUNDS
#19745,#19744,HAS_BOUNDS
#19762,#19761,HAS_BOUNDS
#19779,#19778,HAS_BOUNDS
#19796,#19795,HAS_BOUNDS
#19813,#19812,HAS_BOUNDS
#19830,#19829,HAS_BOUNDS
#19847,#19846,HAS_BOUNDS
#19851,#19850,HAS_BOUNDS
#19856,#19855,HAS_BOUNDS
#19861,#19860,HAS_BOUNDS
#19866,#19865,HAS_BOUNDS
#19870,#19869,HAS_BOUNDS
#19873,#19872,HAS_BOUNDS
#19876,#19875,HAS_BOUNDS
#19879,#19878,HAS_BOUNDS
#19882,#19881,HAS_BOUNDS
#19887,#19886,HAS_BOUNDS
#19890,#19889,HAS_BOUNDS
#19895,#19894,HAS_BOUNDS
#19900,#19899,HAS_BOUNDS
#19903,#19902,HAS_BOUNDS
#19906,#19905,HAS_BOUNDS
#19909,#19908,HAS_BOUNDS
#19912,#19911,HAS_BOUNDS
#19915,#19914,HAS_BOUNDS
#19918,#19917,HAS_BOUNDS
#19921,#19920,HAS_BOUNDS
#19924,#19923,HAS_BOUNDS
#19928,#19927,HAS_BOUNDS
#19932,#19931,HAS_BOUNDS
#19937,#19936,HAS_BOUNDS
#19940,#19939,HAS_BOUNDS
#19945,#19944,HAS_BOUNDS
#19948,#19947,HAS_BOUNDS
#19951,#19950,HAS_BOUNDS
#19954,#19953,HAS_BOUNDS
#19959,#19958,HAS_BOUNDS
#19964,#19963,HAS_BOUNDS
#19968,#19967,HAS_BOUNDS
#19973,#19972,HAS_BOUNDS
#19976,#19975,HAS_BOUNDS
#19980,#19979,HAS_BOUNDS
#19983,#19982,HAS_BOUNDS
#19986,#19985,HAS_BOUNDS
#19989,#19988,HAS_BOUNDS
#19992,#19991,HAS_BOUNDS
#19996,#19995,HAS_BOUNDS
#20001,#20000,HAS_BOUNDS
#20006,#20005,HAS_BOUNDS
#20011,#20010,HAS_BOUNDS
#20015,#20014,HAS_BOUNDS
#20018,#20017,HAS_BOUNDS
#20021,#20020,HAS_BOUNDS
#20024,#20023,HAS_BOUNDS
#20027,#20026,HAS_BOUNDS
#20032,#20031,HAS_BOUNDS
#20035,#20034,HAS_BOUNDS
#20040,#20039,HAS_BOUNDS
#20045,#20044,HAS_BOUNDS
#20048,#20047,HAS_BOUNDS
#20051,#20050,HAS_BOUNDS
#20054,#20053,HAS_BOUNDS
#20057,#20056,HAS_BOUNDS
#20060,#20059,HAS_BOUNDS
#20063,#20062,HAS_BOUNDS
#20066,#20065,HAS_BOUNDS
#20070,#20069,HAS_BOUNDS
#20074,#20073,HAS_BOUNDS
#20079,#20078,HAS_BOUNDS
#20082,#20081,HAS_BOUNDS
#20087,#20086,HAS_BOUNDS
#20090,#20089,HAS_BOUNDS
#20093,#20092,HAS_BOUNDS
#20096,#20095,HAS_BOUNDS
#20101,#20100,HAS_BOUNDS
#20106,#20105,HAS_BOUNDS
#20110,#20109,HAS_BOUNDS
#20115,#20114,HAS_BOUNDS
#20118,#20117,HAS_BOUNDS
#20122,#20121,HAS_BOUNDS
#20125,#20124,HAS_BOUNDS
#20128,#20127,HAS_BOUNDS
#20131,#20130,HAS_BOUNDS
#20134,#20133,HAS_BOUNDS
#20138,#20137,HAS_BOUNDS
#20143,#20142,HAS_BOUNDS
#20148,#20147,HAS_BOUNDS
#20153,#20152,HAS_BOUNDS
#20157,#20156,HAS_BOUNDS
#20160,#20159,HAS_BOUNDS
#20163,#20162,HAS_BOUNDS
#20166,#20165,HAS_BOUNDS
#20171,#20170,HAS_BOUNDS
#20174,#20173,HAS_BOUNDS
#20179,#20178,HAS_BOUNDS
#20184,#20183,HAS_BOUNDS
#20187,#20186,HAS_BOUNDS
#20190,#20189,HAS_BOUNDS
#20193,#20192,HAS_BOUNDS
#20196,#20195,HAS_BOUNDS
#20199,#20198,HAS_BOUNDS
#20202,#20201,HAS_BOUNDS
#20205,#20204,HAS_BOUNDS
#20209,#20208,HAS_BOUNDS
#20213,#20212,HAS_BOUNDS
#20218,#20217,HAS_BOUNDS
#20221,#20220,HAS_BOUNDS
#20226,#20225,HAS_BOUNDS
#20229,#20228,HAS_BOUNDS
#20232,#20231,HAS_BOUNDS
#20235,#20234,HAS_BOUNDS
#20240,#20239,HAS_BOUNDS
#20245,#20244,HAS_BOUNDS
#20249,#20248,HAS_BOUNDS
#20254,#20253,HAS_BOUNDS
#20257,#20256,HAS_BOUNDS
#20261,#20260,HAS_BOUNDS
#20264,#20263,HAS_BOUNDS
#20267,#20266,HAS_BOUNDS
#20270,#20269,HAS_BOUNDS
#20273,#20272,HAS_BOUNDS
#20277,#20276,HAS_BOUNDS
#20282,#20281,HAS_BOUNDS
#20287,#20286,HAS_BOUNDS
#20292,#20291,HAS_BOUNDS
#20296,#20295,HAS_BOUNDS
#20299,#20298,HAS_BOUNDS
#20302,#20301,HAS_BOUNDS
#20305,#20304,HAS_BOUNDS
#20310,#20309,HAS_BOUNDS
#20313,#20312,HAS_BOUNDS
#20318,#20317,HAS_BOUNDS
#20323,#20322,HAS_BOUNDS
#20326,#20325,HAS_BOUNDS
#20329,#20328,HAS_BOUNDS
#20332,#20331,HAS_BOUNDS
#20335,#20334,HAS_BOUNDS
#20338,#20337,HAS_BOUNDS
#20341,#20340,HAS_BOUNDS
#20344,#20343,HAS_BOUNDS
#20348,#20347,HAS_BOUNDS
#20352,#20351,HAS_BOUNDS
#20357,#20356,HAS_BOUNDS
#20360,#20359,HAS_BOUNDS
#20365,#20364,HAS_BOUNDS
#20368,#20367,HAS_BOUNDS
#20371,#20370,HAS_BOUNDS
#20374,#20373,HAS_BOUNDS
#20379,#20378,HAS_BOUNDS
#20384,#20383,HAS_BOUNDS
#20388,#20387,HAS_BOUNDS
#20393,#20392,HAS_BOUNDS
#20396,#20395,HAS_BOUNDS
#20400,#20399,HAS_BOUNDS
#20403,#20402,HAS_BOUNDS
#20406,#20405,HAS_BOUNDS
#20409,#20408,HAS_BOUNDS
#20412,#20411,HAS_BOUNDS
#20432,#20431,HAS_BOUNDS
#20451,#20450,HAS_BOUNDS
#20455,#20454,HAS_BOUNDS
#20459,#20458,HAS_BOUNDS
#20462,#20461,HAS_BOUNDS
#20467,#20466,HAS_BOUNDS
#20470,#20469,HAS_BOUNDS
#20474,#20473,HAS_BOUNDS
#20478,#20477,HAS_BOUNDS
#20481,#20480,HAS_BOUNDS
#20484,#20483,HAS_BOUNDS
#20487,#20486,HAS_BOUNDS
#20490,#20489,HAS_BOUNDS
#20494,#20493,HAS_BOUNDS
#20498,#20497,HAS_BOUNDS
#20501,#20500,HAS_BOUNDS
#20506,#20505,HAS_BOUNDS
#20509,#20508,HAS_BOUNDS
#20513,#20512,HAS_BOUNDS
#20517,#20516,HAS_BOUNDS
#20520,#20519,HAS_BOUNDS
#20523,#20522,HAS_BOUNDS
#20526,#20525,HAS_BOUNDS
#20529,#20528,HAS_BOUNDS
#20533,#20532,HAS_BOUNDS
#20537,#20536,HAS_BOUNDS
#20540,#20539,HAS_BOUNDS
#20545,#20544,HAS_BOUNDS
#20548,#20547,HAS_BOUNDS
#20552,#20551,HAS_BOUNDS
#20556,#20555,HAS_BOUNDS
#20559,#20558,HAS_BOUNDS
#20562,#20561,HAS_BOUNDS
#20565,#20564,HAS_BOUNDS
#20568,#20567,HAS_BOUNDS
#20572,#20571,HAS_BOUNDS
#20576,#20575,HAS_BOUNDS
#20579,#20578,HAS_BOUNDS
#20584,#20583,HAS_BOUNDS
#20587,#20586,HAS_BOUNDS
#20591,#20590,HAS_BOUNDS
#20595,#20594,HAS_BOUNDS
#20598,#20597,HAS_BOUNDS
#20601,#20600,HAS_BOUNDS
#20604,#20603,HAS_BOUNDS
#20607,#20606,HAS_BOUNDS
#22998,#22997,HAS_BOUNDS
#23003,#23002,HAS_BOUNDS
#23008,#23007,HAS_BOUNDS
#23013,#23012,HAS_BOUNDS
#23018,#23017,HAS_BOUNDS
#23021,#23020,HAS_BOUNDS
#23026,#23025,HAS_BOUNDS
#23030,#23029,HAS_BOUNDS
#23034,#23033,HAS_BOUNDS
#23038,#23037,HAS_BOUNDS
#23042,#23041,HAS_BOUNDS
#23045,#23044,HAS_BOUNDS
#23050,#23049,HAS_BOUNDS
#23054,#23053,HAS_BOUNDS
#23058,#23057,HAS_BOUNDS
#23062,#23061,HAS_BOUNDS
#23066,#23065,HAS_BOUNDS
#23069,#23068,HAS_BOUNDS
#23072,#23071,HAS_BOUNDS
#23075,#23074,HAS_BOUNDS
#23078,#23077,HAS_BOUNDS
#23081,#23080,HAS_BOUNDS
#23084,#23083,HAS_BOUNDS
#23087,#23086,HAS_BOUNDS
#23095,#23094,HAS_BOUNDS
#23102,#23101,HAS_BOUNDS
#23105,#23104,HAS_BOUNDS
#23108,#23107,HAS_BOUNDS
#23111,#23110,HAS_BOUNDS
#23114,#23113,HAS_BOUNDS
#23607,#23606,HAS_BOUNDS
#23624,#23623,HAS_BOUNDS
#23627,#23626,HAS_BOUNDS
#23630,#23629,HAS_BOUNDS
#23633,#23632,HAS_BOUNDS
#23636,#23635,HAS_BOUNDS
#23639,#23638,HAS_BOUNDS
#23642,#23641,HAS_BOUNDS
#23645,#23644,HAS_BOUNDS
#23648,#23647,HAS_BOUNDS
#23651,#23650,HAS_BOUNDS
#23654,#23653,HAS_BOUNDS
#23657,#23656,HAS_BOUNDS
#23660,#23659,HAS_BOUNDS
#23663,#23662,HAS_BOUNDS
#23666,#23665,HAS_BOUNDS
#23744,#23743,HAS_BOUNDS
#23751,#23750,HAS_BOUNDS
#23754,#23753,HAS_BOUNDS
#23757,#23756,HAS_BOUNDS
#23760,#23759,HAS_BOUNDS
#23763,#23762,HAS_BOUNDS
#23802,#23801,HAS_BOUNDS
#23809,#23808,HAS_BOUNDS
#23812,#23811,HAS_BOUNDS
#23815,#23814,HAS_BOUNDS
#23818,#23817,HAS_BOUNDS
#23821,#23820,HAS_BOUNDS
#23860,#23859,HAS_BOUNDS
#23867,#23866,HAS_BOUNDS
#23870,#23869,HAS_BOUNDS
#23873,#23872,HAS_BOUNDS
#23876,#23875,HAS_BOUNDS
#23879,#23878,HAS_BOUNDS
#23928,#23927,HAS_BOUNDS
#23945,#23944,HAS_BOUNDS
#23948,#23947,HAS_BOUNDS
#23951,#23950,HAS_BOUNDS
#23954,#23953,HAS_BOUNDS
#23957,#23956,HAS_BOUNDS
#23960,#23959,HAS_BOUNDS
#23963,#23962,HAS_BOUNDS
#23966,#23965,HAS_BOUNDS
#23969,#23968,HAS_BOUNDS
#23972,#23971,HAS_BOUNDS
#23975,#23974,HAS_BOUNDS
#23978,#23977,HAS_BOUNDS
#23981,#23980,HAS_BOUNDS
#23984,#23983,HAS_BOUNDS
#23987,#23986,HAS_BOUNDS
#24028,#24027,HAS_BOUNDS
#24037,#24036,HAS_BOUNDS
#24040,#24039,HAS_BOUNDS
#24043,#24042,HAS_BOUNDS
#24046,#24045,HAS_BOUNDS
#24049,#24048,HAS_BOUNDS
#24052,#24051,HAS_BOUNDS
#24055,#24054,HAS_BOUNDS
#24096,#24095,HAS_BOUNDS
#24105,#24104,HAS_BOUNDS
#24108,#24107,HAS_BOUNDS
#24111,#24110,HAS_BOUNDS
#24114,#24113,HAS_BOUNDS
#24117,#24116,HAS_BOUNDS
#24120,#24119,HAS_BOUNDS
#24123,#24122,HAS_BOUNDS
#24162,#24161,HAS_BOUNDS
#24169,#24168,HAS_BOUNDS
#24172,#24171,HAS_BOUNDS
#24175,#24174,HAS_BOUNDS
#24178,#24177,HAS_BOUNDS
#24181,#24180,HAS_BOUNDS
#24226,#24219,HAS_BOUNDS
#24239,#24232,HAS_BOUNDS
#24242,#24241,HAS_BOUNDS
#24245,#24244,HAS_BOUNDS
#24248,#24247,HAS_BOUNDS
#24251,#24250,HAS_BOUNDS
#24254,#24253,HAS_BOUNDS
#24257,#24256,HAS_BOUNDS
#24260,#24259,HAS_BOUNDS
#24263,#24262,HAS_BOUNDS
#24302,#24301,HAS_BOUNDS
#24309,#24308,HAS_BOUNDS
#24312,#24311,HAS_BOUNDS
#24315,#24314,HAS_BOUNDS
#24318,#24317,HAS_BOUNDS
#24321,#24320,HAS_BOUNDS
#24366,#24359,HAS_BOUNDS
#24379,#24372,HAS_BOUNDS
#24382,#24381,HAS_BOUNDS
#24385,#24384,HAS_BOUNDS
#24388,#24387,HAS_BOUNDS
#24391,#24390,HAS_BOUNDS
#24394,#24393,HAS_BOUNDS
#24397,#24396,HAS_BOUNDS
#24400,#24399,HAS_BOUNDS
#24403,#24402,HAS_BOUNDS
#24444,#24443,HAS_BOUNDS
#24453,#24452,HAS_BOUNDS
#24456,#24455,HAS_BOUNDS
#24459,#24458,HAS_BOUNDS
#24462,#24461,HAS_BOUNDS
#24465,#24464,HAS_BOUNDS
#24468,#24467,HAS_BOUNDS
#24471,#24470,HAS_BOUNDS
#24512,#24511,HAS_BOUNDS
#24521,#24520,HAS_BOUNDS
#24524,#24523,HAS_BOUNDS
#24527,#24526,HAS_BOUNDS
#24530,#24529,HAS_BOUNDS
#24533,#24532,HAS_BOUNDS
#24536,#24535,HAS_BOUNDS
#24539,#24538,HAS_BOUNDS
#25829,#25828,HAS_BOUNDS
#25834,#25833,HAS_BOUNDS
#25838,#25837,HAS_BOUNDS
#25842,#25841,HAS_BOUNDS
#25846,#25845,HAS_BOUNDS
#25850,#25849,HAS_BOUNDS
#25854,#25853,HAS_BOUNDS
#25858,#25857,HAS_BOUNDS
#25862,#25861,HAS_BOUNDS
#25866,#25865,HAS_BOUNDS
#25870,#25869,HAS_BOUNDS
#25874,#25873,HAS_BOUNDS
#25878,#25877,HAS_BOUNDS
#25882,#25881,HAS_BOUNDS
#25885,#25884,HAS_BOUNDS
#25891,#25890,HAS_BOUNDS
#25896,#25895,HAS_BOUNDS
#25901,#25900,HAS_BOUNDS
#25905,#25904,HAS_BOUNDS
#25911,#25910,HAS_BOUNDS
#25917,#25916,HAS_BOUNDS
#25921,#25920,HAS_BOUNDS
#25925,#25924,HAS_BOUNDS
#25928,#25927,HAS_BOUNDS
#25934,#25933,HAS_BOUNDS
#25937,#25936,HAS_BOUNDS
#25940,#25939,HAS_BOUNDS
#25943,#25942,HAS_BOUNDS
#25949,#25948,HAS_BOUNDS
#25952,#25951,HAS_BOUNDS
#25957,#25956,HAS_BOUNDS
#25962,#25961,HAS_BOUNDS
#25966,#25965,HAS_BOUNDS
#25969,#25968,HAS_BOUNDS
#25974,#25973,HAS_BOUNDS
#25977,#25976,HAS_BOUNDS
#25980,#25979,HAS_BOUNDS
#25984,#25983,HAS_BOUNDS
#25987,#25986,HAS_BOUNDS
#25991,#25990,HAS_BOUNDS
#25994,#25993,HAS_BOUNDS
#25997,#25996,HAS_BOUNDS
#26000,#25999,HAS_BOUNDS
#26003,#26002,HAS_BOUNDS
#26006,#26005,HAS_BOUNDS
#26012,#26011,HAS_BOUNDS
#26016,#26015,HAS_BOUNDS
#26020,#26019,HAS_BOUNDS
#26023,#26022,HAS_BOUNDS
#26027,#26026,HAS_BOUNDS
#26030,#26029,HAS_BOUNDS
#26033,#26032,HAS_BOUNDS
#26036,#26035,HAS_BOUNDS
#26039,#26038,HAS_BOUNDS
#26042,#26041,HAS_BOUNDS
#26045,#26044,HAS_BOUNDS
#26048,#26047,HAS_BOUNDS
#26051,#26050,HAS_BOUNDS
#26054,#26053,HAS_BOUNDS
#26058,#26057,HAS_BOUNDS
#26061,#26060,HAS_BOUNDS
#26064,#26063,HAS_BOUNDS
#26067,#26066,HAS_BOUNDS
#26070,#26069,HAS_BOUNDS
#26074,#26073,HAS_BOUNDS
#26077,#26076,HAS_BOUNDS
#26080,#26079,HAS_BOUNDS
#26083,#26082,HAS_BOUNDS
#26086,#26085,HAS_BOUNDS
#26089,#26088,HAS_BOUNDS
#26093,#26092,HAS_BOUNDS
#26096,#26095,HAS_BOUNDS
#26100,#26099,HAS_BOUNDS
#26104,#26103,HAS_BOUNDS
#26107,#26106,HAS_BOUNDS
#26111,#26110,HAS_BOUNDS
#26114,#26113,HAS_BOUNDS
#26118,#26117,HAS_BOUNDS
#26121,#26120,HAS_BOUNDS
#26126,#26125,HAS_BOUNDS
#26130,#26129,HAS_BOUNDS
#26133,#26132,HAS_BOUNDS
#26137,#26136,HAS_BOUNDS
#26142,#26141,HAS_BOUNDS
#26145,#26144,HAS_BOUNDS
#26148,#26147,HAS_BOUNDS
#26153,#26152,HAS_BOUNDS
#26157,#26156,HAS_BOUNDS
#26160,#26159,HAS_BOUNDS
#26163,#26162,HAS_BOUNDS
#26166,#26165,HAS_BOUNDS
#26170,#26169,HAS_BOUNDS
#26173,#26172,HAS_BOUNDS
#26176,#26175,HAS_BOUNDS
#26179,#26178,HAS_BOUNDS
#26182,#26181,HAS_BOUNDS
#26185,#26184,HAS_BOUNDS
#26188,#26187,HAS_BOUNDS
#26192,#26191,HAS_BOUNDS
#26195,#26194,HAS_BOUNDS
#26200,#26199,HAS_BOUNDS
#26203,#26202,HAS_BOUNDS
#26206,#26205,HAS_BOUNDS
#26209,#26208,HAS_BOUNDS
#26213,#26212,HAS_BOUNDS
#26216,#26215,HAS_BOUNDS
#26219,#26218,HAS_BOUNDS
#26222,#26221,HAS_BOUNDS
#26225,#26224,HAS_BOUNDS
#26228,#26227,HAS_BOUNDS
#26231,#26230,HAS_BOUNDS
#26234,#26233,HAS_BOUNDS
#26237,#26236,HAS_BOUNDS
#26240,#26239,HAS_BOUNDS
#26243,#26242,HAS_BOUNDS
#26246,#26245,HAS_BOUNDS
#26249,#26248,HAS_BOUNDS
#26252,#26251,HAS_BOUNDS
#26255,#26254,HAS_BOUNDS
#26258,#26257,HAS_BOUNDS
#26261,#26260,HAS_BOUNDS
#26264,#26263,HAS_BOUNDS
#26267,#26266,HAS_BOUNDS
#26270,#26269,HAS_BOUNDS
#26273,#26272,HAS_BOUNDS
#26278,#26277,HAS_BOUNDS
#26282,#26281,HAS_BOUNDS
#26286,#26285,HAS_BOUNDS
#26290,#26289,HAS_BOUNDS
#26294,#26293,HAS_BOUNDS
#26298,#26297,HAS_BOUNDS
#26302,#26301,HAS_BOUNDS
#26306,#26305,HAS_BOUNDS
#26310,#26309,HAS_BOUNDS
#26314,#26313,HAS_BOUNDS
#26318,#26317,HAS_BOUNDS
#26322,#26321,HAS_BOUNDS
#26326,#26325,HAS_BOUNDS
#26329,#26328,HAS_BOUNDS
#26336,#26335,HAS_BOUNDS
#26341,#26340,HAS_BOUNDS
#26346,#26345,HAS_BOUNDS
#26350,#26349,HAS_BOUNDS
#26356,#26355,HAS_BOUNDS
#26362,#26361,HAS_BOUNDS
#26366,#26365,HAS_BOUNDS
#26370,#26369,HAS_BOUNDS
#26373,#26372,HAS_BOUNDS
#26379,#26378,HAS_BOUNDS
#26382,#26381,HAS_BOUNDS
#26385,#26384,HAS_BOUNDS
#26388,#26387,HAS_BOUNDS
#26394,#26393,HAS_BOUNDS
#26397,#26396,HAS_BOUNDS
#26402,#26401,HAS_BOUNDS
#26407,#26406,HAS_BOUNDS
#26411,#26410,HAS_BOUNDS
#26414,#26413,HAS_BOUNDS
#26419,#26418,HAS_BOUNDS
#26422,#26421,HAS_BOUNDS
#26425,#26424,HAS_BOUNDS
#26429,#26428,HAS_BOUNDS
#26432,#26431,HAS_BOUNDS
#26436,#26435,HAS_BOUNDS
#26439,#26438,HAS_BOUNDS
#26442,#26441,HAS_BOUNDS
#26445,#26444,HAS_BOUNDS
#26448,#26447,HAS_BOUNDS
#26451,#26450,HAS_BOUNDS
#26457,#26456,HAS_BOUNDS
#26461,#26460,HAS_BOUNDS
#26465,#26464,HAS_BOUNDS
#26468,#26467,HAS_BOUNDS
#26472,#26471,HAS_BOUNDS
#26475,#26474,HAS_BOUNDS
#26478,#26477,HAS_BOUNDS
#26481,#26480,HAS_BOUNDS
#26484,#26483,HAS_BOUNDS
#26487,#26486,HAS_BOUNDS
#26490,#26489,HAS_BOUNDS
#26493,#26492,HAS_BOUNDS
#26496,#26495,HAS_BOUNDS
#26499,#26498,HAS_BOUNDS
#26503,#26502,HAS_BOUNDS
#26506,#26505,HAS_BOUNDS
#26509,#26508,HAS_BOUNDS
#26512,#26511,HAS_BOUNDS
#26515,#26514,HAS_BOUNDS
#26518,#26517,HAS_BOUNDS
#26521,#26520,HAS_BOUNDS
#26524,#26523,HAS_BOUNDS
#26527,#26526,HAS_BOUNDS
#26530,#26529,HAS_BOUNDS
#26533,#26532,HAS_BOUNDS
#26537,#26536,HAS_BOUNDS
#26540,#26539,HAS_BOUNDS
#26544,#26543,HAS_BOUNDS
#26548,#26547,HAS_BOUNDS
#26551,#26550,HAS_BOUNDS
#26555,#26554,HAS_BOUNDS
#26558,#26557,HAS_BOUNDS
#26562,#26561,HAS_BOUNDS
#26565,#26564,HAS_BOUNDS
#26570,#26569,HAS_BOUNDS
#26574,#26573,HAS_BOUNDS
#26577,#26576,HAS_BOUNDS
#26581,#26580,HAS_BOUNDS
#26586,#26585,HAS_BOUNDS
#26589,#26588,HAS_BOUNDS
#26592,#26591,HAS_BOUNDS
#26597,#26596,HAS_BOUNDS
#26601,#26600,HAS_BOUNDS
#26604,#26603,HAS_BOUNDS
#26607,#26606,HAS_BOUNDS
#26610,#26609,HAS_BOUNDS
#26614,#26613,HAS_BOUNDS
#26617,#26616,HAS_BOUNDS
#26620,#26619,HAS_BOUNDS
#26623,#26622,HAS_BOUNDS
#26626,#26625,HAS_BOUNDS
#26629,#26628,HAS_BOUNDS
#26632,#26631,HAS_BOUNDS
#26636,#26635,HAS_BOUNDS
#26639,#26638,HAS_BOUNDS
#26644,#26643,HAS_BOUNDS
#26647,#26646,HAS_BOUNDS
#26650,#26649,HAS_BOUNDS
#26653,#26652,HAS_BOUNDS
#26657,#26656,HAS_BOUNDS
#26660,#26659,HAS_BOUNDS
#26663,#26662,HAS_BOUNDS
#26666,#26665,HAS_BOUNDS
#26669,#26668,HAS_BOUNDS
#26672,#26671,HAS_BOUNDS
#26675,#26674,HAS_BOUNDS
#26678,#26677,HAS_BOUNDS
#26681,#26680,HAS_BOUNDS
#26684,#26683,HAS_BOUNDS
#26687,#26686,HAS_BOUNDS
#26690,#26689,HAS_BOUNDS
#26693,#26692,HAS_BOUNDS
#26696,#26695,HAS_BOUNDS
#26699,#26698,HAS_BOUNDS
#26702,#26701,HAS_BOUNDS
#26705,#26704,HAS_BOUNDS
#26708,#26707,HAS_BOUNDS
#26711,#26710,HAS_BOUNDS
#26714,#26713,HAS_BOUNDS
#26717,#26716,HAS_BOUNDS
#26734,#26733,HAS_BOUNDS
#26737,#26736,HAS_BOUNDS
#26740,#26739,HAS_BOUNDS
#26743,#26742,HAS_BOUNDS
#26746,#26745,HAS_BOUNDS
#26749,#26748,HAS_BOUNDS
#26752,#26751,HAS_BOUNDS
#26755,#26754,HAS_BOUNDS
#26758,#26757,HAS_BOUNDS
#26761,#26760,HAS_BOUNDS
#26764,#26763,HAS_BOUNDS
#26767,#26766,HAS_BOUNDS
#26770,#26769,HAS_BOUNDS
#26773,#26772,HAS_BOUNDS
#26776,#26775,HAS_BOUNDS
#26784,#26783,HAS_BOUNDS
#26791,#26790,HAS_BOUNDS
#26798,#26797,HAS_BOUNDS
#26805,#26804,HAS_BOUNDS
#26808,#26807,HAS_BOUNDS
#26811,#26810,HAS_BOUNDS
#26814,#26813,HAS_BOUNDS
#26817,#26816,HAS_BOUNDS
#26820,#26819,HAS_BOUNDS
#26823,#26822,HAS_BOUNDS
#26826,#26825,HAS_BOUNDS
#26829,#26828,HAS_BOUNDS
#26837,#26836,HAS_BOUNDS
#26844,#26843,HAS_BOUNDS
#26847,#26846,HAS_BOUNDS
#26850,#26849,HAS_BOUNDS
#26853,#26852,HAS_BOUNDS
#26856,#26855,HAS_BOUNDS
#26869,#26862,HAS_BOUNDS
#26882,#26875,HAS_BOUNDS
#26885,#26884,HAS_BOUNDS
#26888,#26887,HAS_BOUNDS
#26891,#26890,HAS_BOUNDS
#26894,#26893,HAS_BOUNDS
#26897,#26896,HAS_BOUNDS
#26900,#26899,HAS_BOUNDS
#26903,#26902,HAS_BOUNDS
#26906,#26905,HAS_BOUNDS
#27986,#27985,HAS_BOUNDS
#27991,#27990,HAS_BOUNDS
#27995,#27994,HAS_BOUNDS
#27999,#27998,HAS_BOUNDS
#28003,#28002,HAS_BOUNDS
#28007,#28006,HAS_BOUNDS
#28011,#28010,HAS_BOUNDS
#28015,#28014,HAS_BOUNDS
#28019,#28018,HAS_BOUNDS
#28023,#28022,HAS_BOUNDS
#28027,#28026,HAS_BOUNDS
#28031,#28030,HAS_BOUNDS
#28035,#28034,HAS_BOUNDS
#28039,#28038,HAS_BOUNDS
#28042,#28041,HAS_BOUNDS
#28048,#28047,HAS_BOUNDS
#28053,#28052,HAS_BOUNDS
#28058,#28057,HAS_BOUNDS
#28062,#28061,HAS_BOUNDS
#28068,#28067,HAS_BOUNDS
#28074,#28073,HAS_BOUNDS
#28078,#28077,HAS_BOUNDS
#28082,#28081,HAS_BOUNDS
#28085,#28084,HAS_BOUNDS
#28091,#28090,HAS_BOUNDS
#28094,#28093,HAS_BOUNDS
#28097,#28096,HAS_BOUNDS
#28100,#28099,HAS_BOUNDS
#28106,#28105,HAS_BOUNDS
#28109,#28108,HAS_BOUNDS
#28114,#28113,HAS_BOUNDS
#28119,#28118,HAS_BOUNDS
#28123,#28122,HAS_BOUNDS
#28126,#28125,HAS_BOUNDS
#28131,#28130,HAS_BOUNDS
#28134,#28133,HAS_BOUNDS
#28137,#28136,HAS_BOUNDS
#28141,#28140,HAS_BOUNDS
#28144,#28143,HAS_BOUNDS
#28148,#28147,HAS_BOUNDS
#28151,#28150,HAS_BOUNDS
#28154,#28153,HAS_BOUNDS
#28157,#28156,HAS_BOUNDS
#28160,#28159,HAS_BOUNDS
#28163,#28162,HAS_BOUNDS
#28169,#28168,HAS_BOUNDS
#28173,#28172,HAS_BOUNDS
#28177,#28176,HAS_BOUNDS
#28180,#28179,HAS_BOUNDS
#28184,#28183,HAS_BOUNDS
#28187,#28186,HAS_BOUNDS
#28190,#28189,HAS_BOUNDS
#28193,#28192,HAS_BOUNDS
#28196,#28195,HAS_BOUNDS
#28199,#28198,HAS_BOUNDS
#28202,#28201,HAS_BOUNDS
#28205,#28204,HAS_BOUNDS
#28208,#28207,HAS_BOUNDS
#28211,#28210,HAS_BOUNDS
#28215,#28214,HAS_BOUNDS
#28218,#28217,HAS_BOUNDS
#28221,#28220,HAS_BOUNDS
#28224,#28223,HAS_BOUNDS
#28227,#28226,HAS_BOUNDS
#28231,#28230,HAS_BOUNDS
#28234,#28233,HAS_BOUNDS
#28237,#28236,HAS_BOUNDS
#28240,#28239,HAS_BOUNDS
#28243,#28242,HAS_BOUNDS
#28246,#28245,HAS_BOUNDS
#28250,#28249,HAS_BOUNDS
#28253,#28252,HAS_BOUNDS
#28257,#28256,HAS_BOUNDS
#28261,#28260,HAS_BOUNDS
#28264,#28263,HAS_BOUNDS
#28268,#28267,HAS_BOUNDS
#28271,#28270,HAS_BOUNDS
#28275,#28274,HAS_BOUNDS
#28278,#28277,HAS_BOUNDS
#28283,#28282,HAS_BOUNDS
#28287,#28286,HAS_BOUNDS
#28290,#28289,HAS_BOUNDS
#28294,#28293,HAS_BOUNDS
#28299,#28298,HAS_BOUNDS
#28302,#28301,HAS_BOUNDS
#28305,#28304,HAS_BOUNDS
#28310,#28309,HAS_BOUNDS
#28314,#28313,HAS_BOUNDS
#28317,#28316,HAS_BOUNDS
#28320,#28319,HAS_BOUNDS
#28323,#28322,HAS_BOUNDS
#28327,#28326,HAS_BOUNDS
#28330,#28329,HAS_BOUNDS
#28333,#28332,HAS_BOUNDS
#28336,#28335,HAS_BOUNDS
#28339,#28338,HAS_BOUNDS
#28342,#28341,HAS_BOUNDS
#28345,#28344,HAS_BOUNDS
#28349,#28348,HAS_BOUNDS
#28352,#28351,HAS_BOUNDS
#28357,#28356,HAS_BOUNDS
#28360,#28359,HAS_BOUNDS
#28363,#28362,HAS_BOUNDS
#28366,#28365,HAS_BOUNDS
#28370,#28369,HAS_BOUNDS
#28373,#28372,HAS_BOUNDS
#28376,#28375,HAS_BOUNDS
#28379,#28378,HAS_BOUNDS
#28382,#28381,HAS_BOUNDS
#28385,#28384,HAS_BOUNDS
#28388,#28387,HAS_BOUNDS
#28391,#28390,HAS_BOUNDS
#28394,#28393,HAS_BOUNDS
#28397,#28396,HAS_BOUNDS
#28400,#28399,HAS_BOUNDS
#28403,#28402,HAS_BOUNDS
#28406,#28405,HAS_BOUNDS
#28409,#28408,HAS_BOUNDS
#28412,#28411,HAS_BOUNDS
#28415,#28414,HAS_BOUNDS
#28418,#28417,HAS_BOUNDS
#28421,#28420,HAS_BOUNDS
#28424,#28423,HAS_BOUNDS
#28427,#28426,HAS_BOUNDS
#28430,#28429,HAS_BOUNDS
#28435,#28434,HAS_BOUNDS
#28439,#28438,HAS_BOUNDS
#28443,#28442,HAS_BOUNDS
#28447,#28446,HAS_BOUNDS
#28451,#28450,HAS_BOUNDS
#28455,#28454,HAS_BOUNDS
#28459,#28458,HAS_BOUNDS
#28463,#28462,HAS_BOUNDS
#28467,#28466,HAS_BOUNDS
#28471,#28470,HAS_BOUNDS
#28475,#28474,HAS_BOUNDS
#28479,#28478,HAS_BOUNDS
#28483,#28482,HAS_BOUNDS
#28486,#28485,HAS_BOUNDS
#28493,#28492,HAS_BOUNDS
#28498,#28497,HAS_BOUNDS
#28503,#28502,HAS_BOUNDS
#28507,#28506,HAS_BOUNDS
#28513,#28512,HAS_BOUNDS
#28519,#28518,HAS_BOUNDS
#28523,#28522,HAS_BOUNDS
#28527,#28526,HAS_BOUNDS
#28530,#28529,HAS_BOUNDS
#28536,#28535,HAS_BOUNDS
#28539,#28538,HAS_BOUNDS
#28542,#28541,HAS_BOUNDS
#28545,#28544,HAS_BOUNDS
#28551,#28550,HAS_BOUNDS
#28554,#28553,HAS_BOUNDS
#28559,#28558,HAS_BOUNDS
#28564,#28563,HAS_BOUNDS
#28568,#28567,HAS_BOUNDS
#28571,#28570,HAS_BOUNDS
#28576,#28575,HAS_BOUNDS
#28579,#28578,HAS_BOUNDS
#28582,#28581,HAS_BOUNDS
#28586,#28585,HAS_BOUNDS
#28589,#28588,HAS_BOUNDS
#28592,#28591,HAS_BOUNDS
#28595,#28594,HAS_BOUNDS
#28598,#28597,HAS_BOUNDS
#28601,#28600,HAS_BOUNDS
#28604,#28603,HAS_BOUNDS
#28607,#28606,HAS_BOUNDS
#28612,#28611,HAS_BOUNDS
#28616,#28615,HAS_BOUNDS
#28620,#28619,HAS_BOUNDS
#28623,#28622,HAS_BOUNDS
#28627,#28626,HAS_BOUNDS
#28630,#28629,HAS_BOUNDS
#28633,#28632,HAS_BOUNDS
#28636,#28635,HAS_BOUNDS
#28640,#28639,HAS_BOUNDS
#28643,#28642,HAS_BOUNDS
#28646,#28645,HAS_BOUNDS
#28650,#28649,HAS_BOUNDS
#28653,#28652,HAS_BOUNDS
#28656,#28655,HAS_BOUNDS
#28660,#28659,HAS_BOUNDS
#28663,#28662,HAS_BOUNDS
#28666,#28665,HAS_BOUNDS
#28669,#28668,HAS_BOUNDS
#28672,#28671,HAS_BOUNDS
#28675,#28674,HAS_BOUNDS
#28678,#28677,HAS_BOUNDS
#28681,#28680,HAS_BOUNDS
#28684,#28683,HAS_BOUNDS
#28687,#28686,HAS_BOUNDS
#28690,#28689,HAS_BOUNDS
#28694,#28693,HAS_BOUNDS
#28697,#28696,HAS_BOUNDS
#28701,#28700,HAS_BOUNDS
#28705,#28704,HAS_BOUNDS
#28708,#28707,HAS_BOUNDS
#28712,#28711,HAS_BOUNDS
#28715,#28714,HAS_BOUNDS
#28719,#28718,HAS_BOUNDS
#28722,#28721,HAS_BOUNDS
#28727,#28726,HAS_BOUNDS
#28731,#28730,HAS_BOUNDS
#28734,#28733,HAS_BOUNDS
#28738,#28737,HAS_BOUNDS
#28743,#28742,HAS_BOUNDS
#28746,#28745,HAS_BOUNDS
#28749,#28748,HAS_BOUNDS
#28754,#28753,HAS_BOUNDS
#28758,#28757,HAS_BOUNDS
#28761,#28760,HAS_BOUNDS
#28764,#28763,HAS_BOUNDS
#28767,#28766,HAS_BOUNDS
#28771,#28770,HAS_BOUNDS
#28774,#28773,HAS_BOUNDS
#28777,#28776,HAS_BOUNDS
#28780,#28779,HAS_BOUNDS
#28783,#28782,HAS_BOUNDS
#28786,#28785,HAS_BOUNDS
#28789,#28788,HAS_BOUNDS
#28793,#28792,HAS_BOUNDS
#28796,#28795,HAS_BOUNDS
#28801,#28800,HAS_BOUNDS
#28804,#28803,HAS_BOUNDS
#28807,#28806,HAS_BOUNDS
#28810,#28809,HAS_BOUNDS
#28814,#28813,HAS_BOUNDS
#28817,#28816,HAS_BOUNDS
#28820,#28819,HAS_BOUNDS
#28823,#28822,HAS_BOUNDS
#28826,#28825,HAS_BOUNDS
#28829,#28828,HAS_BOUNDS
#28832,#28831,HAS_BOUNDS
#28835,#28834,HAS_BOUNDS
#28838,#28837,HAS_BOUNDS
#28841,#28840,HAS_BOUNDS
#28844,#28843,HAS_BOUNDS
#28847,#28846,HAS_BOUNDS
#28850,#28849,HAS_BOUNDS
#28853,#28852,HAS_BOUNDS
#28856,#28855,HAS_BOUNDS
#28859,#28858,HAS_BOUNDS
#28862,#28861,HAS_BOUNDS
#28865,#28864,HAS_BOUNDS
#28868,#28867,HAS_BOUNDS
#28871,#28870,HAS_BOUNDS
#28874,#28873,HAS_BOUNDS
#28891,#28890,HAS_BOUNDS
#28894,#28893,HAS_BOUNDS
#28897,#28896,HAS_BOUNDS
#28900,#28899,HAS_BOUNDS
#28903,#28902,HAS_BOUNDS
#28906,#28905,HAS_BOUNDS
#28909,#28908,HAS_BOUNDS
#28912,#28911,HAS_BOUNDS
#28915,#28914,HAS_BOUNDS
#28918,#28917,HAS_BOUNDS
#28921,#28920,HAS_BOUNDS
#28924,#28923,HAS_BOUNDS
#28927,#28926,HAS_BOUNDS
#28930,#28929,HAS_BOUNDS
#28933,#28932,HAS_BOUNDS
#28941,#28940,HAS_BOUNDS
#28948,#28947,HAS_BOUNDS
#28955,#28954,HAS_BOUNDS
#28962,#28961,HAS_BOUNDS
#28965,#28964,HAS_BOUNDS
#28968,#28967,HAS_BOUNDS
#28971,#28970,HAS_BOUNDS
#28974,#28973,HAS_BOUNDS
#28977,#28976,HAS_BOUNDS
#28980,#28979,HAS_BOUNDS
#28983,#28982,HAS_BOUNDS
#28986,#28985,HAS_BOUNDS
#28994,#28993,HAS_BOUNDS
#29001,#29000,HAS_BOUNDS
#29004,#29003,HAS_BOUNDS
#29007,#29006,HAS_BOUNDS
#29010,#29009,HAS_BOUNDS
#29013,#29012,HAS_BOUNDS
#29026,#29019,HAS_BOUNDS
#29039,#29032,HAS_BOUNDS
#29042,#29041,HAS_BOUNDS
#29045,#29044,HAS_BOUNDS
#29048,#29047,HAS_BOUNDS
#29051,#29050,HAS_BOUNDS
#29054,#29053,HAS_BOUNDS
#29057,#29056,HAS_BOUNDS
#29060,#29059,HAS_BOUNDS
#29063,#29062,HAS_BOUNDS
#30129,#30128,HAS_BOUNDS
#30134,#30133,HAS_BOUNDS
#30138,#30137,HAS_BOUNDS
#30142,#30141,HAS_BOUNDS
#30146,#30145,HAS_BOUNDS
#30150,#30149,HAS_BOUNDS
#30154,#30153,HAS_BOUNDS
#30158,#30157,HAS_BOUNDS
#30162,#30161,HAS_BOUNDS
#30166,#30165,HAS_BOUNDS
#30170,#30169,HAS_BOUNDS
#30174,#30173,HAS_BOUNDS
#30178,#30177,HAS_BOUNDS
#30182,#30181,HAS_BOUNDS
#30185,#30184,HAS_BOUNDS
#30191,#30190,HAS_BOUNDS
#30196,#30195,HAS_BOUNDS
#30201,#30200,HAS_BOUNDS
#30205,#30204,HAS_BOUNDS
#30211,#30210,HAS_BOUNDS
#30217,#30216,HAS_BOUNDS
#30221,#30220,HAS_BOUNDS
#30225,#30224,HAS_BOUNDS
#30228,#30227,HAS_BOUNDS
#30234,#30233,HAS_BOUNDS
#30237,#30236,HAS_BOUNDS
#30240,#30239,HAS_BOUNDS
#30243,#30242,HAS_BOUNDS
#30249,#30248,HAS_BOUNDS
#30252,#30251,HAS_BOUNDS
#30257,#30256,HAS_BOUNDS
#30262,#30261,HAS_BOUNDS
#30266,#30265,HAS_BOUNDS
#30269,#30268,HAS_BOUNDS
#30274,#30273,HAS_BOUNDS
#30277,#30276,HAS_BOUNDS
#30280,#30279,HAS_BOUNDS
#30284,#30283,HAS_BOUNDS
#30287,#30286,HAS_BOUNDS
#30291,#30290,HAS_BOUNDS
#30294,#30293,HAS_BOUNDS
#30297,#30296,HAS_BOUNDS
#30300,#30299,HAS_BOUNDS
#30303,#30302,HAS_BOUNDS
#30306,#30305,HAS_BOUNDS
#30312,#30311,HAS_BOUNDS
#30316,#30315,HAS_BOUNDS
#30320,#30319,HAS_BOUNDS
#30323,#30322,HAS_BOUNDS
#30327,#30326,HAS_BOUNDS
#30330,#30329,HAS_BOUNDS
#30333,#30332,HAS_BOUNDS
#30336,#30335,HAS_BOUNDS
#30339,#30338,HAS_BOUNDS
#30342,#30341,HAS_BOUNDS
#30345,#30344,HAS_BOUNDS
#30348,#30347,HAS_BOUNDS
#30351,#30350,HAS_BOUNDS
#30354,#30353,HAS_BOUNDS
#30358,#30357,HAS_BOUNDS
#30361,#30360,HAS_BOUNDS
#30364,#30363,HAS_BOUNDS
#30367,#30366,HAS_BOUNDS
#30370,#30369,HAS_BOUNDS
#30374,#30373,HAS_BOUNDS
#30377,#30376,HAS_BOUNDS
#30380,#30379,HAS_BOUNDS
#30383,#30382,HAS_BOUNDS
#30386,#30385,HAS_BOUNDS
#30389,#30388,HAS_BOUNDS
#30393,#30392,HAS_BOUNDS
#30396,#30395,HAS_BOUNDS
#30400,#30399,HAS_BOUNDS
#30404,#30403,HAS_BOUNDS
#30407,#30406,HAS_BOUNDS
#30411,#30410,HAS_BOUNDS
#30414,#30413,HAS_BOUNDS
#30418,#30417,HAS_BOUNDS
#30421,#30420,HAS_BOUNDS
#30426,#30425,HAS_BOUNDS
#30430,#30429,HAS_BOUNDS
#30433,#30432,HAS_BOUNDS
#30437,#30436,HAS_BOUNDS
#30442,#30441,HAS_BOUNDS
#30445,#30444,HAS_BOUNDS
#30448,#30447,HAS_BOUNDS
#30453,#30452,HAS_BOUNDS
#30457,#30456,HAS_BOUNDS
#30460,#30459,HAS_BOUNDS
#30463,#30462,HAS_BOUNDS
#30466,#30465,HAS_BOUNDS
#30470,#30469,HAS_BOUNDS
#30473,#30472,HAS_BOUNDS
#30476,#30475,HAS_BOUNDS
#30479,#30478,HAS_BOUNDS
#30482,#30481,HAS_BOUNDS
#30485,#30484,HAS_BOUNDS
#30488,#30487,HAS_BOUNDS
#30492,#30491,HAS_BOUNDS
#30495,#30494,HAS_BOUNDS
#30500,#30499,HAS_BOUNDS
#30503,#30502,HAS_BOUNDS
#30506,#30505,HAS_BOUNDS
#30509,#30508,HAS_BOUNDS
#30513,#30512,HAS_BOUNDS
#30516,#30515,HAS_BOUNDS
#30519,#30518,HAS_BOUNDS
#30522,#30521,HAS_BOUNDS
#30525,#30524,HAS_BOUNDS
#30528,#30527,HAS_BOUNDS
#30531,#30530,HAS_BOUNDS
#30534,#30533,HAS_BOUNDS
#30537,#30536,HAS_BOUNDS
#30540,#30539,HAS_BOUNDS
#30543,#30542,HAS_BOUNDS
#30546,#30545,HAS_BOUNDS
#30549,#30548,HAS_BOUNDS
#30552,#30551,HAS_BOUNDS
#30555,#30554,HAS_BOUNDS
#30558,#30557,HAS_BOUNDS
#30561,#30560,HAS_BOUNDS
#30564,#30563,HAS_BOUNDS
#30567,#30566,HAS_BOUNDS
#30570,#30569,HAS_BOUNDS
#30573,#30572,HAS_BOUNDS
#30578,#30577,HAS_BOUNDS
#30582,#30581,HAS_BOUNDS
#30586,#30585,HAS_BOUNDS
#30590,#30589,HAS_BOUNDS
#30594,#30593,HAS_BOUNDS
#30598,#30597,HAS_BOUNDS
#30602,#30601,HAS_BOUNDS
#30606,#30605,HAS_BOUNDS
#30610,#30609,HAS_BOUNDS
#30614,#30613,HAS_BOUNDS
#30618,#30617,HAS_BOUNDS
#30622,#30621,HAS_BOUNDS
#30626,#30625,HAS_BOUNDS
#30629,#30628,HAS_BOUNDS
#30636,#30635,HAS_BOUNDS
#30641,#30640,HAS_BOUNDS
#30646,#30645,HAS_BOUNDS
#30650,#30649,HAS_BOUNDS
#30656,#30655,HAS_BOUNDS
#30662,#30661,HAS_BOUNDS
#30666,#30665,HAS_BOUNDS
#30670,#30669,HAS_BOUNDS
#30673,#30672,HAS_BOUNDS
#30679,#30678,HAS_BOUNDS
#30682,#30681,HAS_BOUNDS
#30685,#30684,HAS_BOUNDS
#30688,#30687,HAS_BOUNDS
#30694,#30693,HAS_BOUNDS
#30697,#30696,HAS_BOUNDS
#30702,#30701,HAS_BOUNDS
#30707,#30706,HAS_BOUNDS
#30711,#30710,HAS_BOUNDS
#30714,#30713,HAS_BOUNDS
#30719,#30718,HAS_BOUNDS
#30722,#30721,HAS_BOUNDS
#30725,#30724,HAS_BOUNDS
#30729,#30728,HAS_BOUNDS
#30732,#30731,HAS_BOUNDS
#30735,#30734,HAS_BOUNDS
#30738,#30737,HAS_BOUNDS
#30741,#30740,HAS_BOUNDS
#30744,#30743,HAS_BOUNDS
#30747,#30746,HAS_BOUNDS
#30750,#30749,HAS_BOUNDS
#30755,#30754,HAS_BOUNDS
#30759,#30758,HAS_BOUNDS
#30763,#30762,HAS_BOUNDS
#30766,#30765,HAS_BOUNDS
#30770,#30769,HAS_BOUNDS
#30773,#30772,HAS_BOUNDS
#30776,#30775,HAS_BOUNDS
#30779,#30778,HAS_BOUNDS
#30783,#30782,HAS_BOUNDS
#30786,#30785,HAS_BOUNDS
#30789,#30788,HAS_BOUNDS
#30793,#30792,HAS_BOUNDS
#30796,#30795,HAS_BOUNDS
#30799,#30798,HAS_BOUNDS
#30803,#30802,HAS_BOUNDS
#30806,#30805,HAS_BOUNDS
#30809,#30808,HAS_BOUNDS
#30812,#30811,HAS_BOUNDS
#30815,#30814,HAS_BOUNDS
#30818,#30817,HAS_BOUNDS
#30821,#30820,HAS_BOUNDS
#30824,#30823,HAS_BOUNDS
#30827,#30826,HAS_BOUNDS
#30830,#30829,HAS_BOUNDS
#30833,#30832,HAS_BOUNDS
#30837,#30836,HAS_BOUNDS
#30840,#30839,HAS_BOUNDS
#30844,#30843,HAS_BOUNDS
#30848,#30847,HAS_BOUNDS
#30851,#30850,HAS_BOUNDS
#30855,#30854,HAS_BOUNDS
#30858,#30857,HAS_BOUNDS
#30862,#30861,HAS_BOUNDS
#30865,#30864,HAS_BOUNDS
#30870,#30869,HAS_BOUNDS
#30874,#30873,HAS_BOUNDS
#30877,#30876,HAS_BOUNDS
#30881,#30880,HAS_BOUNDS
#30886,#30885,HAS_BOUNDS
#30889,#30888,HAS_BOUNDS
#30892,#30891,HAS_BOUNDS
#30897,#30896,HAS_BOUNDS
#30901,#30900,HAS_BOUNDS
#30904,#30903,HAS_BOUNDS
#30907,#30906,HAS_BOUNDS
#30910,#30909,HAS_BOUNDS
#30914,#30913,HAS_BOUNDS
#30917,#30916,HAS_BOUNDS
#30920,#30919,HAS_BOUNDS
#30923,#30922,HAS_BOUNDS
#30926,#30925,HAS_BOUNDS
#30929,#30928,HAS_BOUNDS
#30932,#30931,HAS_BOUNDS
#30936,#30935,HAS_BOUNDS
#30939,#30938,HAS_BOUNDS
#30944,#30943,HAS_BOUNDS
#30947,#30946,HAS_BOUNDS
#30950,#30949,HAS_BOUNDS
#30953,#30952,HAS_BOUNDS
#30957,#30956,HAS_BOUNDS
#30960,#30959,HAS_BOUNDS
#30963,#30962,HAS_BOUNDS
#30966,#30965,HAS_BOUNDS
#30969,#30968,HAS_BOUNDS
#30972,#30971,HAS_BOUNDS
#30975,#30974,HAS_BOUNDS
#30978,#30977,HAS_BOUNDS
#30981,#30980,HAS_BOUNDS
#30984,#30983,HAS_BOUNDS
#30987,#30986,HAS_BOUNDS
#30990,#30989,HAS_BOUNDS
#30993,#30992,HAS_BOUNDS
#30996,#30995,HAS_BOUNDS
#30999,#30998,HAS_BOUNDS
#31002,#31001,HAS_BOUNDS
#31005,#31004,HAS_BOUNDS
#31008,#31007,HAS_BOUNDS
#31011,#31010,HAS_BOUNDS
#31014,#31013,HAS_BOUNDS
#31017,#31016,HAS_BOUNDS
#31034,#31033,HAS_BOUNDS
#31037,#31036,HAS_BOUNDS
#31040,#31039,HAS_BOUNDS
#31043,#31042,HAS_BOUNDS
#31046,#31045,HAS_BOUNDS
#31049,#31048,HAS_BOUNDS
#31052,#31051,HAS_BOUNDS
#31055,#31054,HAS_BOUNDS
#31058,#31057,HAS_BOUNDS
#31061,#31060,HAS_BOUNDS
#31064,#31063,HAS_BOUNDS
#31067,#31066,HAS_BOUNDS
#31070,#31069,HAS_BOUNDS
#31073,#31072,HAS_BOUNDS
#31076,#31075,HAS_BOUNDS
#31084,#31083,HAS_BOUNDS
#31091,#31090,HAS_BOUNDS
#31098,#31097,HAS_BOUNDS
#31105,#31104,HAS_BOUNDS
#31108,#31107,HAS_BOUNDS
#31111,#31110,HAS_BOUNDS
#31114,#31113,HAS_BOUNDS
#31117,#31116,HAS_BOUNDS
#31120,#31119,HAS_BOUNDS
#31123,#31122,HAS_BOUNDS
#31126,#31125,HAS_BOUNDS
#31129,#31128,HAS_BOUNDS
#31137,#31136,HAS_BOUNDS
#31144,#31143,HAS_BOUNDS
#31147,#31146,HAS_BOUNDS
#31150,#31149,HAS_BOUNDS
#31153,#31152,HAS_BOUNDS
#31156,#31155,HAS_BOUNDS
#31169,#31162,HAS_BOUNDS
#31182,#31175,HAS_BOUNDS
#31185,#31184,HAS_BOUNDS
#31188,#31187,HAS_BOUNDS
#31191,#31190,HAS_BOUNDS
#31194,#31193,HAS_BOUNDS
#31197,#31196,HAS_BOUNDS
#31200,#31199,HAS_BOUNDS
#31203,#31202,HAS_BOUNDS
#31206,#31205,HAS_BOUNDS
#32795,#32794,HAS_BOUNDS
#32800,#32799,HAS_BOUNDS
#32805,#32804,HAS_BOUNDS
#32808,#32807,HAS_BOUNDS
#32811,#32810,HAS_BOUNDS
#32814,#32813,HAS_BOUNDS
#32822,#32821,HAS_BOUNDS
#32827,#32826,HAS_BOUNDS
#32832,#32831,HAS_BOUNDS
#32835,#32834,HAS_BOUNDS
#32838,#32837,HAS_BOUNDS
#32841,#32840,HAS_BOUNDS
#32849,#32848,HAS_BOUNDS
#32854,#32853,HAS_BOUNDS
#32859,#32858,HAS_BOUNDS
#32862,#32861,HAS_BOUNDS
#32865,#32864,HAS_BOUNDS
#32868,#32867,HAS_BOUNDS
#32876,#32875,HAS_BOUNDS
#32881,#32880,HAS_BOUNDS
#32886,#32885,HAS_BOUNDS
#32889,#32888,HAS_BOUNDS
#32892,#32891,HAS_BOUNDS
#32895,#32894,HAS_BOUNDS
#32903,#32902,HAS_BOUNDS
#32908,#32907,HAS_BOUNDS
#32913,#32912,HAS_BOUNDS
#32916,#32915,HAS_BOUNDS
#32919,#32918,HAS_BOUNDS
#32922,#32921,HAS_BOUNDS
#32930,#32929,HAS_BOUNDS
#32935,#32934,HAS_BOUNDS
#32940,#32939,HAS_BOUNDS
#32943,#32942,HAS_BOUNDS
#32946,#32945,HAS_BOUNDS
#32949,#32948,HAS_BOUNDS
#32957,#32956,HAS_BOUNDS
#32962,#32961,HAS_BOUNDS
#32967,#32966,HAS_BOUNDS
#32970,#32969,HAS_BOUNDS
#32973,#32972,HAS_BOUNDS
#32976,#32975,HAS_BOUNDS
#32984,#32983,HAS_BOUNDS
#32989,#32988,HAS_BOUNDS
#32994,#32993,HAS_BOUNDS
#32997,#32996,HAS_BOUNDS
#33000,#32999,HAS_BOUNDS
#33003,#33002,HAS_BOUNDS
#33011,#33010,HAS_BOUNDS
#33016,#33015,HAS_BOUNDS
#33021,#33020,HAS_BOUNDS
#33024,#33023,HAS_BOUNDS
#33027,#33026,HAS_BOUNDS
#33030,#33029,HAS_BOUNDS
#33038,#33037,HAS_BOUNDS
#33043,#33042,HAS_BOUNDS
#33048,#33047,HAS_BOUNDS
#33051,#33050,HAS_BOUNDS
#33054,#33053,HAS_BOUNDS
#33057,#33056,HAS_BOUNDS
#33065,#33064,HAS_BOUNDS
#33070,#33069,HAS_BOUNDS
#33075,#33074,HAS_BOUNDS
#33078,#33077,HAS_BOUNDS
#33081,#33080,HAS_BOUNDS
#33084,#33083,HAS_BOUNDS
#33092,#33091,HAS_BOUNDS
#33097,#33096,HAS_BOUNDS
#33102,#33101,HAS_BOUNDS
#33105,#33104,HAS_BOUNDS
#33108,#33107,HAS_BOUNDS
#33111,#33110,HAS_BOUNDS
#33119,#33118,HAS_BOUNDS
#33124,#33123,HAS_BOUNDS
#33129,#33128,HAS_BOUNDS
#33132,#33131,HAS_BOUNDS
#33135,#33134,HAS_BOUNDS
#33138,#33137,HAS_BOUNDS
#33146,#33145,HAS_BOUNDS
#33151,#33150,HAS_BOUNDS
#33156,#33155,HAS_BOUNDS
#33159,#33158,HAS_BOUNDS
#33162,#33161,HAS_BOUNDS
#33165,#33164,HAS_BOUNDS
#33173,#33172,HAS_BOUNDS
#33178,#33177,HAS_BOUNDS
#33183,#33182,HAS_BOUNDS
#33186,#33185,HAS_BOUNDS
#33189,#33188,HAS_BOUNDS
#33192,#33191,HAS_BOUNDS
#33200,#33199,HAS_BOUNDS
#33205,#33204,HAS_BOUNDS
#33210,#33209,HAS_BOUNDS
#33213,#33212,HAS_BOUNDS
#33216,#33215,HAS_BOUNDS
#33219,#33218,HAS_BOUNDS
#33227,#33226,HAS_BOUNDS
#33232,#33231,HAS_BOUNDS
#33237,#33236,HAS_BOUNDS
#33240,#33239,HAS_BOUNDS
#33243,#33242,HAS_BOUNDS
#33246,#33245,HAS_BOUNDS
#33254,#33253,HAS_BOUNDS
#33259,#33258,HAS_BOUNDS
#33264,#33263,HAS_BOUNDS
#33267,#33266,HAS_BOUNDS
#33270,#33269,HAS_BOUNDS
#33273,#33272,HAS_BOUNDS
#33281,#33280,HAS_BOUNDS
#33286,#33285,HAS_BOUNDS
#33291,#33290,HAS_BOUNDS
#33294,#33293,HAS_BOUNDS
#33297,#33296,HAS_BOUNDS
#33300,#33299,HAS_BOUNDS
#33308,#33307,HAS_BOUNDS
#33313,#33312,HAS_BOUNDS
#33318,#33317,HAS_BOUNDS
#33321,#33320,HAS_BOUNDS
#33324,#33323,HAS_BOUNDS
#33327,#33326,HAS_BOUNDS
#33335,#33334,HAS_BOUNDS
#33340,#33339,HAS_BOUNDS
#33345,#33344,HAS_BOUNDS
#33348,#33347,HAS_BOUNDS
#33351,#33350,HAS_BOUNDS
#33354,#33353,HAS_BOUNDS
#33362,#33361,HAS_BOUNDS
#33367,#33366,HAS_BOUNDS
#33372,#33371,HAS_BOUNDS
#33375,#33374,HAS_BOUNDS
#33378,#33377,HAS_BOUNDS
#33381,#33380,HAS_BOUNDS
#33389,#33388,HAS_BOUNDS
#33394,#33393,HAS_BOUNDS
#33399,#33398,HAS_BOUNDS
#33402,#33401,HAS_BOUNDS
#33405,#33404,HAS_BOUNDS
#33408,#33407,HAS_BOUNDS
#33416,#33415,HAS_BOUNDS
#33421,#33420,HAS_BOUNDS
#33426,#33425,HAS_BOUNDS
#33429,#33428,HAS_BOUNDS
#33432,#33431,HAS_BOUNDS
#33435,#33434,HAS_BOUNDS
#33443,#33442,HAS_BOUNDS
#33448,#33447,HAS_BOUNDS
#33453,#33452,HAS_BOUNDS
#33456,#33455,HAS_BOUNDS
#33459,#33458,HAS_BOUNDS
#33462,#33461,HAS_BOUNDS
#33470,#33469,HAS_BOUNDS
#33475,#33474,HAS_BOUNDS
#33480,#33479,HAS_BOUNDS
#33483,#33482,HAS_BOUNDS
#33486,#33485,HAS_BOUNDS
#33489,#33488,HAS_BOUNDS
#33497,#33496,HAS_BOUNDS
#33502,#33501,HAS_BOUNDS
#33507,#33506,HAS_BOUNDS
#33510,#33509,HAS_BOUNDS
#33513,#33512,HAS_BOUNDS
#33516,#33515,HAS_BOUNDS
#33524,#33523,HAS_BOUNDS
#33529,#33528,HAS_BOUNDS
#33534,#33533,HAS_BOUNDS
#33537,#33536,HAS_BOUNDS
#33540,#33539,HAS_BOUNDS
#33543,#33542,HAS_BOUNDS
#33551,#33550,HAS_BOUNDS
#33556,#33555,HAS_BOUNDS
#33561,#33560,HAS_BOUNDS
#33564,#33563,HAS_BOUNDS
#33567,#33566,HAS_BOUNDS
#33570,#33569,HAS_BOUNDS
#33578,#33577,HAS_BOUNDS
#33583,#33582,HAS_BOUNDS
#33588,#33587,HAS_BOUNDS
#33591,#33590,HAS_BOUNDS
#33594,#33593,HAS_BOUNDS
#33597,#33596,HAS_BOUNDS
#33605,#33604,HAS_BOUNDS
#33610,#33609,HAS_BOUNDS
#33615,#33614,HAS_BOUNDS
#33618,#33617,HAS_BOUNDS
#33621,#33620,HAS_BOUNDS
#33624,#33623,HAS_BOUNDS
#33632,#33631,HAS_BOUNDS
#33637,#33636,HAS_BOUNDS
#33642,#33641,HAS_BOUNDS
#33645,#33644,HAS_BOUNDS
#33648,#33647,HAS_BOUNDS
#33651,#33650,HAS_BOUNDS
#33659,#33658,HAS_BOUNDS
#33664,#33663,HAS_BOUNDS
#33669,#33668,HAS_BOUNDS
#33672,#33671,HAS_BOUNDS
#33675,#33674,HAS_BOUNDS
#33678,#33677,HAS_BOUNDS
#33686,#33685,HAS_BOUNDS
#33691,#33690,HAS_BOUNDS
#33696,#33695,HAS_BOUNDS
#33699,#33698,HAS_BOUNDS
#33702,#33701,HAS_BOUNDS
#33705,#33704,HAS_BOUNDS
#33713,#33712,HAS_BOUNDS
#33718,#33717,HAS_BOUNDS
#33723,#33722,HAS_BOUNDS
#33726,#33725,HAS_BOUNDS
#33729,#33728,HAS_BOUNDS
#33732,#33731,HAS_BOUNDS
#33740,#33739,HAS_BOUNDS
#33745,#33744,HAS_BOUNDS
#33750,#33749,HAS_BOUNDS
#33753,#33752,HAS_BOUNDS
#33756,#33755,HAS_BOUNDS
#33759,#33758,HAS_BOUNDS
#33767,#33766,HAS_BOUNDS
#33772,#33771,HAS_BOUNDS
#33777,#33776,HAS_BOUNDS
#33780,#33779,HAS_BOUNDS
#33783,#33782,HAS_BOUNDS
#33786,#33785,HAS_BOUNDS
#33794,#33793,HAS_BOUNDS
#33799,#33798,HAS_BOUNDS
#33804,#33803,HAS_BOUNDS
#33807,#33806,HAS_BOUNDS
#33810,#33809,HAS_BOUNDS
#33813,#33812,HAS_BOUNDS
#33821,#33820,HAS_BOUNDS
#33826,#33825,HAS_BOUNDS
#33831,#33830,HAS_BOUNDS
#33834,#33833,HAS_BOUNDS
#33837,#33836,HAS_BOUNDS
#33840,#33839,HAS_BOUNDS
#33848,#33847,HAS_BOUNDS
#33853,#33852,HAS_BOUNDS
#33858,#33857,HAS_BOUNDS
#33861,#33860,HAS_BOUNDS
#33864,#33863,HAS_BOUNDS
#33867,#33866,HAS_BOUNDS
#33875,#33874,HAS_BOUNDS
#33880,#33879,HAS_BOUNDS
#33885,#33884,HAS_BOUNDS
#33888,#33887,HAS_BOUNDS
#33891,#33890,HAS_BOUNDS
#33894,#33893,HAS_BOUNDS
#33902,#33901,HAS_BOUNDS
#33907,#33906,HAS_BOUNDS
#33912,#33911,HAS_BOUNDS
#33915,#33914,HAS_BOUNDS
#33918,#33917,HAS_BOUNDS
#33921,#33920,HAS_BOUNDS
#33929,#33928,HAS_BOUNDS
#33934,#33933,HAS_BOUNDS
#33939,#33938,HAS_BOUNDS
#33942,#33941,HAS_BOUNDS
#33945,#33944,HAS_BOUNDS
#33948,#33947,HAS_BOUNDS
#33956,#33955,HAS_BOUNDS
#33961,#33960,HAS_BOUNDS
#33966,#33965,HAS_BOUNDS
#33969,#33968,HAS_BOUNDS
#33972,#33971,HAS_BOUNDS
#33975,#33974,HAS_BOUNDS
#33983,#33982,HAS_BOUNDS
#33988,#33987,HAS_BOUNDS
#33993,#33992,HAS_BOUNDS
#33996,#33995,HAS_BOUNDS
#33999,#33998,HAS_BOUNDS
#34002,#34001,HAS_BOUNDS
#34010,#34009,HAS_BOUNDS
#34015,#34014,HAS_BOUNDS
#34020,#34019,HAS_BOUNDS
#34023,#34022,HAS_BOUNDS
#34026,#34025,HAS_BOUNDS
#34029,#34028,HAS_BOUNDS
#34037,#34036,HAS_BOUNDS
#34042,#34041,HAS_BOUNDS
#34047,#34046,HAS_BOUNDS
#34050,#34049,HAS_BOUNDS
#34053,#34052,HAS_BOUNDS
#34056,#34055,HAS_BOUNDS
#34064,#34063,HAS_BOUNDS
#34069,#34068,HAS_BOUNDS
#34074,#34073,HAS_BOUNDS
#34077,#34076,HAS_BOUNDS
#34080,#34079,HAS_BOUNDS
#34083,#34082,HAS_BOUNDS
#34091,#34090,HAS_BOUNDS
#34096,#34095,HAS_BOUNDS
#34101,#34100,HAS_BOUNDS
#34104,#34103,HAS_BOUNDS
#34107,#34106,HAS_BOUNDS
#34110,#34109,HAS_BOUNDS
#34118,#34117,HAS_BOUNDS
#34123,#34122,HAS_BOUNDS
#34128,#34127,HAS_BOUNDS
#34131,#34130,HAS_BOUNDS
#34134,#34133,HAS_BOUNDS
#34137,#34136,HAS_BOUNDS
#34145,#34144,HAS_BOUNDS
#34150,#34149,HAS_BOUNDS
#34155,#34154,HAS_BOUNDS
#34158,#34157,HAS_BOUNDS
#34161,#34160,HAS_BOUNDS
#34164,#34163,HAS_BOUNDS
#34172,#34171,HAS_BOUNDS
#34177,#34176,HAS_BOUNDS
#34182,#34181,HAS_BOUNDS
#34185,#34184,HAS_BOUNDS
#34188,#34187,HAS_BOUNDS
#34191,#34190,HAS_BOUNDS
#34199,#34198,HAS_BOUNDS
#34204,#34203,HAS_BOUNDS
#34209,#34208,HAS_BOUNDS
#34212,#34211,HAS_BOUNDS
#34215,#34214,HAS_BOUNDS
#34218,#34217,HAS_BOUNDS
#34226,#34225,HAS_BOUNDS
#34231,#34230,HAS_BOUNDS
#34236,#34235,HAS_BOUNDS
#34239,#34238,HAS_BOUNDS
#34242,#34241,HAS_BOUNDS
#34245,#34244,HAS_BOUNDS
#34253,#34252,HAS_BOUNDS
#34258,#34257,HAS_BOUNDS
#34263,#34262,HAS_BOUNDS
#34266,#34265,HAS_BOUNDS
#34269,#34268,HAS_BOUNDS
#34272,#34271,HAS_BOUNDS
#34280,#34279,HAS_BOUNDS
#34285,#34284,HAS_BOUNDS
#34290,#34289,HAS_BOUNDS
#34293,#34292,HAS_BOUNDS
#34296,#34295,HAS_BOUNDS
#34299,#34298,HAS_BOUNDS
#34307,#34306,HAS_BOUNDS
#34312,#34311,HAS_BOUNDS
#34317,#34316,HAS_BOUNDS
#34320,#34319,HAS_BOUNDS
#34323,#34322,HAS_BOUNDS
#34326,#34325,HAS_BOUNDS
#34334,#34333,HAS_BOUNDS
#34339,#34338,HAS_BOUNDS
#34344,#34343,HAS_BOUNDS
#34351,#34350,HAS_BOUNDS
#34356,#34355,HAS_BOUNDS
#34359,#34358,HAS_BOUNDS
#34366,#34365,HAS_BOUNDS
#34371,#34370,HAS_BOUNDS
#34374,#34373,HAS_BOUNDS
#34381,#34380,HAS_BOUNDS
#34384,#34383,HAS_BOUNDS
#34387,#34386,HAS_BOUNDS
#34390,#34389,HAS_BOUNDS
#34393,#34392,HAS_BOUNDS
#34401,#34400,HAS_BOUNDS
#34406,#34405,HAS_BOUNDS
#34411,#34410,HAS_BOUNDS
#34418,#34417,HAS_BOUNDS
#34423,#34422,HAS_BOUNDS
#34426,#34425,HAS_BOUNDS
#34433,#34432,HAS_BOUNDS
#34438,#34437,HAS_BOUNDS
#34441,#34440,HAS_BOUNDS
#34448,#34447,HAS_BOUNDS
#34451,#34450,HAS_BOUNDS
#34454,#34453,HAS_BOUNDS
#34457,#34456,HAS_BOUNDS
#34460,#34459,HAS_BOUNDS
#34468,#34467,HAS_BOUNDS
#34473,#34472,HAS_BOUNDS
#34478,#34477,HAS_BOUNDS
#34485,#34484,HAS_BOUNDS
#34490,#34489,HAS_BOUNDS
#34493,#34492,HAS_BOUNDS
#34500,#34499,HAS_BOUNDS
#34505,#34504,HAS_BOUNDS
#34508,#34507,HAS_BOUNDS
#34515,#34514,HAS_BOUNDS
#34518,#34517,HAS_BOUNDS
#34521,#34520,HAS_BOUNDS
#34524,#34523,HAS_BOUNDS
#34527,#34526,HAS_BOUNDS
#34535,#34534,HAS_BOUNDS
#34540,#34539,HAS_BOUNDS
#34545,#34544,HAS_BOUNDS
#34552,#34551,HAS_BOUNDS
#34557,#34556,HAS_BOUNDS
#34560,#34559,HAS_BOUNDS
#34567,#34566,HAS_BOUNDS
#34572,#34571,HAS_BOUNDS
#34575,#34574,HAS_BOUNDS
#34582,#34581,HAS_BOUNDS
#34585,#34584,HAS_BOUNDS
#34588,#34587,HAS_BOUNDS
#34591,#34590,HAS_BOUNDS
#34594,#34593,HAS_BOUNDS
#34602,#34601,HAS_BOUNDS
#34609,#34608,HAS_BOUNDS
#34612,#34611,HAS_BOUNDS
#34617,#34616,HAS_BOUNDS
#34622,#34621,HAS_BOUNDS
#34629,#34628,HAS_BOUNDS
#34632,#34631,HAS_BOUNDS
#34637,#34636,HAS_BOUNDS
#34642,#34641,HAS_BOUNDS
#34647,#34646,HAS_BOUNDS
#34652,#34651,HAS_BOUNDS
#34657,#34656,HAS_BOUNDS
#34662,#34661,HAS_BOUNDS
#34665,#34664,HAS_BOUNDS
#34668,#34667,HAS_BOUNDS
#34671,#34670,HAS_BOUNDS
#34689,#34688,HAS_BOUNDS
#34694,#34693,HAS_BOUNDS
#34699,#34698,HAS_BOUNDS
#34705,#34704,HAS_BOUNDS
#34708,#34707,HAS_BOUNDS
#34712,#34711,HAS_BOUNDS
#34715,#34714,HAS_BOUNDS
#34718,#34717,HAS_BOUNDS
#34722,#34721,HAS_BOUNDS
#34725,#34724,HAS_BOUNDS
#34728,#34727,HAS_BOUNDS
#34731,#34730,HAS_BOUNDS
#34735,#34734,HAS_BOUNDS
#34739,#34738,HAS_BOUNDS
#34743,#34742,HAS_BOUNDS
#34748,#34747,HAS_BOUNDS
#34752,#34751,HAS_BOUNDS
#34757,#34756,HAS_BOUNDS
#34760,#34759,HAS_BOUNDS
#34763,#34762,HAS_BOUNDS
#34766,#34765,HAS_BOUNDS
#34769,#34768,HAS_BOUNDS
#34773,#34772,HAS_BOUNDS
#34776,#34775,HAS_BOUNDS
#34779,#34778,HAS_BOUNDS
#34784,#34783,HAS_BOUNDS
#34787,#34786,HAS_BOUNDS
#34793,#34792,HAS_BOUNDS
#34797,#34796,HAS_BOUNDS
#34801,#34800,HAS_BOUNDS
#34804,#34803,HAS_BOUNDS
#34807,#34806,HAS_BOUNDS
#34810,#34809,HAS_BOUNDS
#34813,#34812,HAS_BOUNDS
#34816,#34815,HAS_BOUNDS
#34821,#34820,HAS_BOUNDS
#34824,#34823,HAS_BOUNDS
#34829,#34828,HAS_BOUNDS
#34834,#34833,HAS_BOUNDS
#34838,#34837,HAS_BOUNDS
#34842,#34841,HAS_BOUNDS
#34846,#34845,HAS_BOUNDS
#34849,#34848,HAS_BOUNDS
#34852,#34851,HAS_BOUNDS
#34855,#34854,HAS_BOUNDS
#34858,#34857,HAS_BOUNDS
#34861,#34860,HAS_BOUNDS
#34864,#34863,HAS_BOUNDS
#34867,#34866,HAS_BOUNDS
#34874,#34873,HAS_BOUNDS
#34879,#34878,HAS_BOUNDS
#34886,#34885,HAS_BOUNDS
#34889,#34888,HAS_BOUNDS
#34894,#34893,HAS_BOUNDS
#34899,#34898,HAS_BOUNDS
#34906,#34905,HAS_BOUNDS
#34909,#34908,HAS_BOUNDS
#34916,#34915,HAS_BOUNDS
#34921,#34920,HAS_BOUNDS
#34924,#34923,HAS_BOUNDS
#34929,#34928,HAS_BOUNDS
#34936,#34935,HAS_BOUNDS
#34939,#34938,HAS_BOUNDS
#34946,#34945,HAS_BOUNDS
#34951,#34950,HAS_BOUNDS
#34954,#34953,HAS_BOUNDS
#34959,#34958,HAS_BOUNDS
#34966,#34965,HAS_BOUNDS
#34971,#34970,HAS_BOUNDS
#34978,#34977,HAS_BOUNDS
#34981,#34980,HAS_BOUNDS
#34984,#34983,HAS_BOUNDS
#34987,#34986,HAS_BOUNDS
#35014,#35013,HAS_BOUNDS
#35017,#35016,HAS_BOUNDS
#35020,#35019,HAS_BOUNDS
#35023,#35022,HAS_BOUNDS
#35026,#35025,HAS_BOUNDS
#35029,#35028,HAS_BOUNDS
#35032,#35031,HAS_BOUNDS
#35035,#35034,HAS_BOUNDS
#35038,#35037,HAS_BOUNDS
#35041,#35040,HAS_BOUNDS
#35044,#35043,HAS_BOUNDS
#35047,#35046,HAS_BOUNDS
#35050,#35049,HAS_BOUNDS
#35053,#35052,HAS_BOUNDS
#35056,#35055,HAS_BOUNDS
#35059,#35058,HAS_BOUNDS
#35062,#35061,HAS_BOUNDS
#35065,#35064,HAS_BOUNDS
#35068,#35067,HAS_BOUNDS
#35071,#35070,HAS_BOUNDS
#35074,#35073,HAS_BOUNDS
#35077,#35076,HAS_BOUNDS
#35080,#35079,HAS_BOUNDS
#35083,#35082,HAS_BOUNDS
#35086,#35085,HAS_BOUNDS
#35089,#35088,HAS_BOUNDS
#35092,#35091,HAS_BOUNDS
#35095,#35094,HAS_BOUNDS
#35098,#35097,HAS_BOUNDS
#35101,#35100,HAS_BOUNDS
#35104,#35103,HAS_BOUNDS
#35107,#35106,HAS_BOUNDS
#35110,#35109,HAS_BOUNDS
#35113,#35112,HAS_BOUNDS
#35116,#35115,HAS_BOUNDS
#35119,#35118,HAS_BOUNDS
#35122,#35121,HAS_BOUNDS
#35125,#35124,HAS_BOUNDS
#35128,#35127,HAS_BOUNDS
#35131,#35130,HAS_BOUNDS
#35134,#35133,HAS_BOUNDS
#35137,#35136,HAS_BOUNDS
#35140,#35139,HAS_BOUNDS
#35143,#35142,HAS_BOUNDS
#35146,#35145,HAS_BOUNDS
#35149,#35148,HAS_BOUNDS
#35152,#35151,HAS_BOUNDS
#35155,#35154,HAS_BOUNDS
#35158,#35157,HAS_BOUNDS
#35615,#35614,HAS_BOUNDS
#35622,#35621,HAS_BOUNDS
#35629,#35628,HAS_BOUNDS
#35636,#35635,HAS_BOUNDS
#35639,#35638,HAS_BOUNDS
#35642,#35641,HAS_BOUNDS
#35645,#35644,HAS_BOUNDS
#35648,#35647,HAS_BOUNDS
#35651,#35650,HAS_BOUNDS
#35654,#35653,HAS_BOUNDS
#35657,#35656,HAS_BOUNDS
#35660,#35659,HAS_BOUNDS
#35668,#35667,HAS_BOUNDS
#35675,#35674,HAS_BOUNDS
#35682,#35681,HAS_BOUNDS
#35689,#35688,HAS_BOUNDS
#35696,#35695,HAS_BOUNDS
#35703,#35702,HAS_BOUNDS
#35706,#35705,HAS_BOUNDS
#35709,#35708,HAS_BOUNDS
#35712,#35711,HAS_BOUNDS
#35715,#35714,HAS_BOUNDS
#35718,#35717,HAS_BOUNDS
#35721,#35720,HAS_BOUNDS
#35724,#35723,HAS_BOUNDS
#35727,#35726,HAS_BOUNDS
#35730,#35729,HAS_BOUNDS
#35733,#35732,HAS_BOUNDS
#35736,#35735,HAS_BOUNDS
#35739,#35738,HAS_BOUNDS
#35747,#35746,HAS_BOUNDS
#35754,#35753,HAS_BOUNDS
#35757,#35756,HAS_BOUNDS
#35760,#35759,HAS_BOUNDS
#35763,#35762,HAS_BOUNDS
#35766,#35765,HAS_BOUNDS
#35957,#35956,HAS_BOUNDS
#35964,#35963,HAS_BOUNDS
#35971,#35970,HAS_BOUNDS
#35978,#35977,HAS_BOUNDS
#35981,#35980,HAS_BOUNDS
#35984,#35983,HAS_BOUNDS
#35987,#35986,HAS_BOUNDS
#35990,#35989,HAS_BOUNDS
#35993,#35992,HAS_BOUNDS
#35996,#35995,HAS_BOUNDS
#35999,#35998,HAS_BOUNDS
#36002,#36001,HAS_BOUNDS
#36010,#36009,HAS_BOUNDS
#36017,#36016,HAS_BOUNDS
#36024,#36023,HAS_BOUNDS
#36031,#36030,HAS_BOUNDS
#36038,#36037,HAS_BOUNDS
#36045,#36044,HAS_BOUNDS
#36048,#36047,HAS_BOUNDS
#36051,#36050,HAS_BOUNDS
#36054,#36053,HAS_BOUNDS
#36057,#36056,HAS_BOUNDS
#36060,#36059,HAS_BOUNDS
#36063,#36062,HAS_BOUNDS
#36066,#36065,HAS_BOUNDS
#36069,#36068,HAS_BOUNDS
#36072,#36071,HAS_BOUNDS
#36075,#36074,HAS_BOUNDS
#36078,#36077,HAS_BOUNDS
#36081,#36080,HAS_BOUNDS
#36089,#36088,HAS_BOUNDS
#36096,#36095,HAS_BOUNDS
#36099,#36098,HAS_BOUNDS
#36102,#36101,HAS_BOUNDS
#36105,#36104,HAS_BOUNDS
#36108,#36107,HAS_BOUNDS
#36255,#36254,HAS_BOUNDS
#36262,#36261,HAS_BOUNDS
#36269,#36268,HAS_BOUNDS
#36276,#36275,HAS_BOUNDS
#36279,#36278,HAS_BOUNDS
#36282,#36281,HAS_BOUNDS
#36285,#36284,HAS_BOUNDS
#36288,#36287,HAS_BOUNDS
#36291,#36290,HAS_BOUNDS
#36294,#36293,HAS_BOUNDS
#36297,#36296,HAS_BOUNDS
#36300,#36299,HAS_BOUNDS
#36308,#36307,HAS_BOUNDS
#36315,#36314,HAS_BOUNDS
#36322,#36321,HAS_BOUNDS
#36329,#36328,HAS_BOUNDS
#36336,#36335,HAS_BOUNDS
#36343,#36342,HAS_BOUNDS
#36346,#36345,HAS_BOUNDS
#36349,#36348,HAS_BOUNDS
#36352,#36351,HAS_BOUNDS
#36355,#36354,HAS_BOUNDS
#36358,#36357,HAS_BOUNDS
#36361,#36360,HAS_BOUNDS
#36364,#36363,HAS_BOUNDS
#36367,#36366,HAS_BOUNDS
#36370,#36369,HAS_BOUNDS
#36373,#36372,HAS_BOUNDS
#36376,#36375,HAS_BOUNDS
#36379,#36378,HAS_BOUNDS
#36387,#36386,HAS_BOUNDS
#36394,#36393,HAS_BOUNDS
#36397,#36396,HAS_BOUNDS
#36400,#36399,HAS_BOUNDS
#36403,#36402,HAS_BOUNDS
#36406,#36405,HAS_BOUNDS
