:LABEL,id,ifc_type,name
IfcShapeRepresentation,#65,IFCSHAPEREPRESENTATION,SweptSolid
IfcShapeRepresentation,#210,IFCSHAPEREPRESENTATION,SweptSolid
IfcShapeRepresentation,#353,IFCSHAPEREPRESENTATION,SweptSolid
IfcShapeRepresentation,#512,IFCSHAPEREPRESENTATION,SweptSolid
IfcShapeRepresentation,#817,IFCSHAPEREPRESENTATION,SurfaceModel
IfcShapeRepresentation,#1057,IFCSHAPEREPRESENTATION,SweptSolid
IfcShapeRepresentation,#1216,IFCSHAPEREPRESENTATION,SweptSolid
IfcShapeRepresentation,#1440,IFCSHAPEREPRESENTATION,SweptSolid
IfcShapeRepresentation,#1625,IFCSHAPEREPRESENTATION,SweptSolid
IfcShapeRepresentation,#1780,IFCSHAPEREPRESENTATION,SweptSolid
IfcShapeRepresentation,#1926,IFCSHAPEREPRESENTATION,SweptSolid
IfcShapeRepresentation,#2106,IFCSHAPEREPRESENTATION,SweptSolid
IfcShapeRepresentation,#2410,IFCSHAPEREPRESENTATION,SurfaceModel
IfcShapeRepresentation,#2635,IFCSHAPEREPRESENTATION,SweptSolid
IfcShapeRepresentation,#2787,IFCSHAPEREPRESENTATION,SweptSolid
IfcShapeRepresentation,#3011,IFCSHAPEREPRESENTATION,SweptSolid
IfcShapeRepresentation,#3195,IFCSHAPEREPRESENTATION,SweptSolid
IfcShapeRepresentation,#3323,IFCSHAPEREPRESENTATION,SweptSolid
IfcShapeRepresentation,#3454,IFCSHAPEREPRESENTATION,SweptSolid
IfcShapeRepresentation,#3584,IFCSHAPEREPRESENTATION,SweptSolid
IfcShapeRepresentation,#3705,IFCSHAPEREPRESENTATION,SweptSolid
IfcShapeRepresentation,#3784,IFCSHAPEREPRESENTATION,Curve2D
IfcShapeRepresentation,#3795,IFCSHAPEREPRESENTATION,SweptSolid
IfcShapeRepresentation,#3989,IFCSHAPEREPRESENTATION,Curve2D
IfcShapeRepresentation,#3997,IFCSHAPEREPRESENTATION,SweptSolid
IfcShapeRepresentation,#4033,IFCSHAPEREPRESENTATION,Curve2D
IfcShapeRepresentation,#4041,IFCSHAPEREPRESENTATION,SweptSolid
IfcShapeRepresentation,#4077,IFCSHAPEREPRESENTATION,Curve2D
IfcShapeRepresentation,#4085,IFCSHAPEREPRESENTATION,SweptSolid
IfcShapeRepresentation,#4121,IFCSHAPEREPRESENTATION,Curve2D
IfcShapeRepresentation,#4129,IFCSHAPEREPRESENTATION,SweptSolid
IfcShapeRepresentation,#4209,IFCSHAPEREPRESENTATION,Curve2D
IfcShapeRepresentation,#4217,IFCSHAPEREPRESENTATION,SweptSolid
IfcShapeRepresentation,#4254,IFCSHAPEREPRESENTATION,Curve2D
IfcShapeRepresentation,#4285,IFCSHAPEREPRESENTATION,Clipping
IfcShapeRepresentation,#4367,IFCSHAPEREPRESENTATION,Curve2D
IfcShapeRepresentation,#4397,IFCSHAPEREPRESENTATION,Clipping
IfcShapeRepresentation,#4433,IFCSHAPEREPRESENTATION,Curve2D
IfcShapeRepresentation,#4463,IFCSHAPEREPRESENTATION,Clipping
IfcShapeRepresentation,#4498,IFCSHAPEREPRESENTATION,Curve2D
IfcShapeRepresentation,#4506,IFCSHAPEREPRESENTATION,SweptSolid
IfcShapeRepresentation,#4543,IFCSHAPEREPRESENTATION,Curve2D
IfcShapeRepresentation,#4551,IFCSHAPEREPRESENTATION,SweptSolid
IfcShapeRepresentation,#4588,IFCSHAPEREPRESENTATION,Curve2D
IfcShapeRepresentation,#4596,IFCSHAPEREPRESENTATION,SweptSolid
IfcShapeRepresentation,#4633,IFCSHAPEREPRESENTATION,Curve2D
IfcShapeRepresentation,#4641,IFCSHAPEREPRESENTATION,SweptSolid
IfcShapeRepresentation,#4808,IFCSHAPEREPRESENTATION,Curve2D
IfcShapeRepresentation,#4816,IFCSHAPEREPRESENTATION,SweptSolid
IfcShapeRepresentation,#4858,IFCSHAPEREPRESENTATION,Curve2D
IfcShapeRepresentation,#4866,IFCSHAPEREPRESENTATION,SweptSolid
IfcShapeRepresentation,#4908,IFCSHAPEREPRESENTATION,Curve2D
IfcShapeRepresentation,#4916,IFCSHAPEREPRESENTATION,SweptSolid
IfcShapeRepresentation,#4958,IFCSHAPEREPRESENTATION,Curve2D
IfcShapeRepresentation,#4966,IFCSHAPEREPRESENTATION,SweptSolid
IfcShapeRepresentation,#5047,IFCSHAPEREPRESENTATION,Curve2D
IfcShapeRepresentation,#5055,IFCSHAPEREPRESENTATION,SweptSolid
IfcShapeRepresentation,#5096,IFCSHAPEREPRESENTATION,Curve2D
IfcShapeRepresentation,#5104,IFCSHAPEREPRESENTATION,SweptSolid
IfcShapeRepresentation,#5163,IFCSHAPEREPRESENTATION,SweptSolid
IfcShapeRepresentation,#5265,IFCSHAPEREPRESENTATION,SweptSolid
IfcShapeRepresentation,#5305,IFCSHAPEREPRESENTATION,Curve2D
IfcShapeRepresentation,#5397,IFCSHAPEREPRESENTATION,SurfaceModel
IfcShapeRepresentation,#5432,IFCSHAPEREPRESENTATION,Curve2D
IfcShapeRepresentation,#5446,IFCSHAPEREPRESENTATION,SweptSolid
IfcShapeRepresentation,#5482,IFCSHAPEREPRESENTATION,Curve2D
IfcShapeRepresentation,#5496,IFCSHAPEREPRESENTATION,SweptSolid
IfcShapeRepresentation,#5532,IFCSHAPEREPRESENTATION,Curve2D
IfcShapeRepresentation,#5546,IFCSHAPEREPRESENTATION,SweptSolid
IfcShapeRepresentation,#5582,IFCSHAPEREPRESENTATION,Curve2D
IfcShapeRepresentation,#5596,IFCSHAPEREPRESENTATION,SweptSolid
IfcShapeRepresentation,#5632,IFCSHAPEREPRESENTATION,Curve2D
IfcShapeRepresentation,#5640,IFCSHAPEREPRESENTATION,SweptSolid
IfcShapeRepresentation,#5677,IFCSHAPEREPRESENTATION,Curve2D
IfcShapeRepresentation,#5685,IFCSHAPEREPRESENTATION,SweptSolid
IfcShapeRepresentation,#5721,IFCSHAPEREPRESENTATION,Curve2D
IfcShapeRepresentation,#5729,IFCSHAPEREPRESENTATION,SweptSolid
IfcShapeRepresentation,#5765,IFCSHAPEREPRESENTATION,Curve2D
IfcShapeRepresentation,#5773,IFCSHAPEREPRESENTATION,SweptSolid
IfcShapeRepresentation,#5849,IFCSHAPEREPRESENTATION,Curve2D
IfcShapeRepresentation,#5857,IFCSHAPEREPRESENTATION,SweptSolid
IfcShapeRepresentation,#5893,IFCSHAPEREPRESENTATION,Curve2D
IfcShapeRepresentation,#5901,IFCSHAPEREPRESENTATION,SweptSolid
IfcShapeRepresentation,#5938,IFCSHAPEREPRESENTATION,Curve2D
IfcShapeRepresentation,#5946,IFCSHAPEREPRESENTATION,SweptSolid
IfcShapeRepresentation,#5982,IFCSHAPEREPRESENTATION,Curve2D
IfcShapeRepresentation,#5990,IFCSHAPEREPRESENTATION,SweptSolid
IfcShapeRepresentation,#6026,IFCSHAPEREPRESENTATION,Curve2D
IfcShapeRepresentation,#6034,IFCSHAPEREPRESENTATION,SweptSolid
IfcShapeRepresentation,#6070,IFCSHAPEREPRESENTATION,Curve2D
IfcShapeRepresentation,#6078,IFCSHAPEREPRESENTATION,SweptSolid
IfcShapeRepresentation,#6130,IFCSHAPEREPRESENTATION,SweptSolid
IfcShapeRepresentation,#6245,IFCSHAPEREPRESENTATION,SweptSolid
IfcShapeRepresentation,#6288,IFCSHAPEREPRESENTATION,SweptSolid
IfcShapeRepresentation,#6362,IFCSHAPEREPRESENTATION,SweptSolid
IfcShapeRepresentation,#6408,IFCSHAPEREPRESENTATION,GeometricSet
IfcShapeRepresentation,#6416,IFCSHAPEREPRESENTATION,MappedRepresentation
IfcShapeRepresentation,#6419,IFCSHAPEREPRESENTATION,MappedRepresentation
IfcShapeRepresentation,#6512,IFCSHAPEREPRESENTATION,SweptSolid
IfcShapeRepresentation,#6521,IFCSHAPEREPRESENTATION,MappedRepresentation
IfcShapeRepresentation,#6524,IFCSHAPEREPRESENTATION,MappedRepresentation
IfcShapeRepresentation,#6564,IFCSHAPEREPRESENTATION,SweptSolid
IfcShapeRepresentation,#6616,IFCSHAPEREPRESENTATION,SweptSolid
IfcShapeRepresentation,#6634,IFCSHAPEREPRESENTATION,GeometricSet
IfcShapeRepresentation,#6642,IFCSHAPEREPRESENTATION,MappedRepresentation
IfcShapeRepresentation,#6645,IFCSHAPEREPRESENTATION,MappedRepresentation
IfcShapeRepresentation,#6738,IFCSHAPEREPRESENTATION,SweptSolid
IfcShapeRepresentation,#6747,IFCSHAPEREPRESENTATION,MappedRepresentation
IfcShapeRepresentation,#6750,IFCSHAPEREPRESENTATION,MappedRepresentation
IfcShapeRepresentation,#6789,IFCSHAPEREPRESENTATION,SweptSolid
IfcShapeRepresentation,#6857,IFCSHAPEREPRESENTATION,SweptSolid
IfcShapeRepresentation,#6903,IFCSHAPEREPRESENTATION,GeometricSet
IfcShapeRepresentation,#6911,IFCSHAPEREPRESENTATION,MappedRepresentation
IfcShapeRepresentation,#6914,IFCSHAPEREPRESENTATION,MappedRepresentation
IfcShapeRepresentation,#7006,IFCSHAPEREPRESENTATION,SweptSolid
IfcShapeRepresentation,#7015,IFCSHAPEREPRESENTATION,MappedRepresentation
IfcShapeRepresentation,#7018,IFCSHAPEREPRESENTATION,MappedRepresentation
IfcShapeRepresentation,#7058,IFCSHAPEREPRESENTATION,SweptSolid
IfcShapeRepresentation,#7126,IFCSHAPEREPRESENTATION,SweptSolid
IfcShapeRepresentation,#7172,IFCSHAPEREPRESENTATION,GeometricSet
IfcShapeRepresentation,#7180,IFCSHAPEREPRESENTATION,MappedRepresentation
IfcShapeRepresentation,#7183,IFCSHAPEREPRESENTATION,MappedRepresentation
IfcShapeRepresentation,#7275,IFCSHAPEREPRESENTATION,SweptSolid
IfcShapeRepresentation,#7343,IFCSHAPEREPRESENTATION,SweptSolid
IfcShapeRepresentation,#7389,IFCSHAPEREPRESENTATION,GeometricSet
IfcShapeRepresentation,#7397,IFCSHAPEREPRESENTATION,MappedRepresentation
IfcShapeRepresentation,#7400,IFCSHAPEREPRESENTATION,MappedRepresentation
IfcShapeRepresentation,#7492,IFCSHAPEREPRESENTATION,SweptSolid
IfcShapeRepresentation,#7563,IFCSHAPEREPRESENTATION,SweptSolid
IfcShapeRepresentation,#7621,IFCSHAPEREPRESENTATION,GeometricSet
IfcShapeRepresentation,#7629,IFCSHAPEREPRESENTATION,MappedRepresentation
IfcShapeRepresentation,#7632,IFCSHAPEREPRESENTATION,MappedRepresentation
IfcShapeRepresentation,#7724,IFCSHAPEREPRESENTATION,SweptSolid
IfcShapeRepresentation,#7733,IFCSHAPEREPRESENTATION,MappedRepresentation
IfcShapeRepresentation,#7736,IFCSHAPEREPRESENTATION,MappedRepresentation
IfcShapeRepresentation,#7776,IFCSHAPEREPRESENTATION,SweptSolid
IfcShapeRepresentation,#7785,IFCSHAPEREPRESENTATION,MappedRepresentation
IfcShapeRepresentation,#7788,IFCSHAPEREPRESENTATION,MappedRepresentation
IfcShapeRepresentation,#7828,IFCSHAPEREPRESENTATION,SweptSolid
IfcShapeRepresentation,#7837,IFCSHAPEREPRESENTATION,MappedRepresentation
IfcShapeRepresentation,#7840,IFCSHAPEREPRESENTATION,MappedRepresentation
IfcShapeRepresentation,#7880,IFCSHAPEREPRESENTATION,SweptSolid
IfcShapeRepresentation,#7889,IFCSHAPEREPRESENTATION,MappedRepresentation
IfcShapeRepresentation,#7892,IFCSHAPEREPRESENTATION,MappedRepresentation
IfcShapeRepresentation,#7932,IFCSHAPEREPRESENTATION,SweptSolid
IfcShapeRepresentation,#7941,IFCSHAPEREPRESENTATION,MappedRepresentation
IfcShapeRepresentation,#7944,IFCSHAPEREPRESENTATION,MappedRepresentation
IfcShapeRepresentation,#7984,IFCSHAPEREPRESENTATION,SweptSolid
IfcShapeRepresentation,#8030,IFCSHAPEREPRESENTATION,SweptSolid
IfcShapeRepresentation,#8048,IFCSHAPEREPRESENTATION,GeometricSet
IfcShapeRepresentation,#8056,IFCSHAPEREPRESENTATION,MappedRepresentation
IfcShapeRepresentation,#8059,IFCSHAPEREPRESENTATION,MappedRepresentation
IfcShapeRepresentation,#8150,IFCSHAPEREPRESENTATION,SweptSolid
IfcShapeRepresentation,#8159,IFCSHAPEREPRESENTATION,MappedRepresentation
IfcShapeRepresentation,#8162,IFCSHAPEREPRESENTATION,MappedRepresentation
IfcShapeRepresentation,#8201,IFCSHAPEREPRESENTATION,SweptSolid
IfcShapeRepresentation,#8247,IFCSHAPEREPRESENTATION,SweptSolid
IfcShapeRepresentation,#8265,IFCSHAPEREPRESENTATION,GeometricSet
IfcShapeRepresentation,#8273,IFCSHAPEREPRESENTATION,MappedRepresentation
IfcShapeRepresentation,#8276,IFCSHAPEREPRESENTATION,MappedRepresentation
IfcShapeRepresentation,#8367,IFCSHAPEREPRESENTATION,SweptSolid
IfcShapeRepresentation,#8376,IFCSHAPEREPRESENTATION,MappedRepresentation
IfcShapeRepresentation,#8379,IFCSHAPEREPRESENTATION,MappedRepresentation
IfcShapeRepresentation,#8427,IFCSHAPEREPRESENTATION,GeometricSet
IfcShapeRepresentation,#8431,IFCSHAPEREPRESENTATION,Curve2D
IfcShapeRepresentation,#8967,IFCSHAPEREPRESENTATION,SweptSolid
IfcShapeRepresentation,#8999,IFCSHAPEREPRESENTATION,SweptSolid
IfcShapeRepresentation,#9017,IFCSHAPEREPRESENTATION,SweptSolid
IfcShapeRepresentation,#9324,IFCSHAPEREPRESENTATION,SurfaceModel
IfcShapeRepresentation,#12182,IFCSHAPEREPRESENTATION,SurfaceModel
IfcShapeRepresentation,#12560,IFCSHAPEREPRESENTATION,SurfaceModel
IfcShapeRepresentation,#12566,IFCSHAPEREPRESENTATION,MappedRepresentation
IfcShapeRepresentation,#12580,IFCSHAPEREPRESENTATION,SweptSolid
IfcShapeRepresentation,#12962,IFCSHAPEREPRESENTATION,SurfaceModel
IfcShapeRepresentation,#12968,IFCSHAPEREPRESENTATION,MappedRepresentation
IfcShapeRepresentation,#12982,IFCSHAPEREPRESENTATION,SweptSolid
IfcShapeRepresentation,#13317,IFCSHAPEREPRESENTATION,SurfaceModel
IfcShapeRepresentation,#13323,IFCSHAPEREPRESENTATION,MappedRepresentation
IfcShapeRepresentation,#13337,IFCSHAPEREPRESENTATION,SweptSolid
IfcShapeRepresentation,#13671,IFCSHAPEREPRESENTATION,SurfaceModel
IfcShapeRepresentation,#13677,IFCSHAPEREPRESENTATION,MappedRepresentation
IfcShapeRepresentation,#13691,IFCSHAPEREPRESENTATION,SweptSolid
IfcShapeRepresentation,#14026,IFCSHAPEREPRESENTATION,SurfaceModel
IfcShapeRepresentation,#14032,IFCSHAPEREPRESENTATION,MappedRepresentation
IfcShapeRepresentation,#14046,IFCSHAPEREPRESENTATION,SweptSolid
IfcShapeRepresentation,#14380,IFCSHAPEREPRESENTATION,SurfaceModel
IfcShapeRepresentation,#14386,IFCSHAPEREPRESENTATION,MappedRepresentation
IfcShapeRepresentation,#14400,IFCSHAPEREPRESENTATION,SweptSolid
IfcShapeRepresentation,#14735,IFCSHAPEREPRESENTATION,SurfaceModel
IfcShapeRepresentation,#14741,IFCSHAPEREPRESENTATION,MappedRepresentation
IfcShapeRepresentation,#14755,IFCSHAPEREPRESENTATION,SweptSolid
IfcShapeRepresentation,#15089,IFCSHAPEREPRESENTATION,SurfaceModel
IfcShapeRepresentation,#15095,IFCSHAPEREPRESENTATION,MappedRepresentation
IfcShapeRepresentation,#15109,IFCSHAPEREPRESENTATION,SweptSolid
IfcShapeRepresentation,#15449,IFCSHAPEREPRESENTATION,SurfaceModel
IfcShapeRepresentation,#15455,IFCSHAPEREPRESENTATION,MappedRepresentation
IfcShapeRepresentation,#15842,IFCSHAPEREPRESENTATION,SurfaceModel
IfcShapeRepresentation,#15848,IFCSHAPEREPRESENTATION,MappedRepresentation
IfcShapeRepresentation,#15880,IFCSHAPEREPRESENTATION,SweptSolid
IfcShapeRepresentation,#15926,IFCSHAPEREPRESENTATION,SweptSolid
IfcShapeRepresentation,#15944,IFCSHAPEREPRESENTATION,GeometricSet
IfcShapeRepresentation,#15952,IFCSHAPEREPRESENTATION,MappedRepresentation
IfcShapeRepresentation,#15955,IFCSHAPEREPRESENTATION,MappedRepresentation
IfcShapeRepresentation,#15994,IFCSHAPEREPRESENTATION,SweptSolid
IfcShapeRepresentation,#16003,IFCSHAPEREPRESENTATION,MappedRepresentation
IfcShapeRepresentation,#16006,IFCSHAPEREPRESENTATION,MappedRepresentation
IfcShapeRepresentation,#16045,IFCSHAPEREPRESENTATION,SweptSolid
IfcShapeRepresentation,#16054,IFCSHAPEREPRESENTATION,MappedRepresentation
IfcShapeRepresentation,#16057,IFCSHAPEREPRESENTATION,MappedRepresentation
IfcShapeRepresentation,#16096,IFCSHAPEREPRESENTATION,SweptSolid
IfcShapeRepresentation,#16105,IFCSHAPEREPRESENTATION,MappedRepresentation
IfcShapeRepresentation,#16108,IFCSHAPEREPRESENTATION,MappedRepresentation
IfcShapeRepresentation,#16141,IFCSHAPEREPRESENTATION,MappedRepresentation
IfcShapeRepresentation,#16167,IFCSHAPEREPRESENTATION,MappedRepresentation
IfcShapeRepresentation,#16210,IFCSHAPEREPRESENTATION,SweptSolid
IfcShapeRepresentation,#16243,IFCSHAPEREPRESENTATION,GeometricSet
IfcShapeRepresentation,#16250,IFCSHAPEREPRESENTATION,MappedRepresentation
IfcShapeRepresentation,#16253,IFCSHAPEREPRESENTATION,MappedRepresentation
IfcShapeRepresentation,#16303,IFCSHAPEREPRESENTATION,SweptSolid
IfcShapeRepresentation,#16388,IFCSHAPEREPRESENTATION,SweptSolid
IfcShapeRepresentation,#16393,IFCSHAPEREPRESENTATION,GeometricSet
IfcShapeRepresentation,#16400,IFCSHAPEREPRESENTATION,MappedRepresentation
IfcShapeRepresentation,#16403,IFCSHAPEREPRESENTATION,MappedRepresentation
IfcShapeRepresentation,#16477,IFCSHAPEREPRESENTATION,MappedRepresentation
IfcShapeRepresentation,#16517,IFCSHAPEREPRESENTATION,SweptSolid
IfcShapeRepresentation,#16523,IFCSHAPEREPRESENTATION,MappedRepresentation
IfcShapeRepresentation,#16555,IFCSHAPEREPRESENTATION,MappedRepresentation
IfcShapeRepresentation,#16581,IFCSHAPEREPRESENTATION,MappedRepresentation
IfcShapeRepresentation,#16607,IFCSHAPEREPRESENTATION,MappedRepresentation
IfcShapeRepresentation,#16633,IFCSHAPEREPRESENTATION,MappedRepresentation
IfcShapeRepresentation,#16659,IFCSHAPEREPRESENTATION,MappedRepresentation
IfcShapeRepresentation,#16685,IFCSHAPEREPRESENTATION,MappedRepresentation
IfcShapeRepresentation,#16711,IFCSHAPEREPRESENTATION,MappedRepresentation
IfcShapeRepresentation,#16751,IFCSHAPEREPRESENTATION,SweptSolid
IfcShapeRepresentation,#16784,IFCSHAPEREPRESENTATION,GeometricSet
IfcShapeRepresentation,#16791,IFCSHAPEREPRESENTATION,MappedRepresentation
IfcShapeRepresentation,#16794,IFCSHAPEREPRESENTATION,MappedRepresentation
IfcShapeRepresentation,#16844,IFCSHAPEREPRESENTATION,SweptSolid
IfcShapeRepresentation,#16873,IFCSHAPEREPRESENTATION,MappedRepresentation
IfcShapeRepresentation,#16876,IFCSHAPEREPRESENTATION,MappedRepresentation
IfcShapeRepresentation,#16906,IFCSHAPEREPRESENTATION,MappedRepresentation
IfcShapeRepresentation,#16932,IFCSHAPEREPRESENTATION,MappedRepresentation
IfcShapeRepresentation,#16963,IFCSHAPEREPRESENTATION,MappedRepresentation
IfcShapeRepresentation,#16989,IFCSHAPEREPRESENTATION,MappedRepresentation
IfcShapeRepresentation,#17015,IFCSHAPEREPRESENTATION,MappedRepresentation
IfcShapeRepresentation,#17279,IFCSHAPEREPRESENTATION,SurfaceModel
IfcShapeRepresentation,#17323,IFCSHAPEREPRESENTATION,GeometricSet
IfcShapeRepresentation,#17330,IFCSHAPEREPRESENTATION,MappedRepresentation
IfcShapeRepresentation,#17333,IFCSHAPEREPRESENTATION,MappedRepresentation
IfcShapeRepresentation,#17398,IFCSHAPEREPRESENTATION,MappedRepresentation
IfcShapeRepresentation,#17401,IFCSHAPEREPRESENTATION,MappedRepresentation
IfcShapeRepresentation,#17500,IFCSHAPEREPRESENTATION,SweptSolid
IfcShapeRepresentation,#17514,IFCSHAPEREPRESENTATION,GeometricSet
IfcShapeRepresentation,#17521,IFCSHAPEREPRESENTATION,MappedRepresentation
IfcShapeRepresentation,#17524,IFCSHAPEREPRESENTATION,MappedRepresentation
IfcShapeRepresentation,#17591,IFCSHAPEREPRESENTATION,MappedRepresentation
IfcShapeRepresentation,#17594,IFCSHAPEREPRESENTATION,MappedRepresentation
IfcShapeRepresentation,#17684,IFCSHAPEREPRESENTATION,SweptSolid
IfcShapeRepresentation,#17698,IFCSHAPEREPRESENTATION,GeometricSet
IfcShapeRepresentation,#17705,IFCSHAPEREPRESENTATION,MappedRepresentation
IfcShapeRepresentation,#17708,IFCSHAPEREPRESENTATION,MappedRepresentation
IfcShapeRepresentation,#17775,IFCSHAPEREPRESENTATION,MappedRepresentation
IfcShapeRepresentation,#17778,IFCSHAPEREPRESENTATION,MappedRepresentation
IfcShapeRepresentation,#17804,IFCSHAPEREPRESENTATION,MappedRepresentation
IfcShapeRepresentation,#17807,IFCSHAPEREPRESENTATION,MappedRepresentation
IfcShapeRepresentation,#17833,IFCSHAPEREPRESENTATION,MappedRepresentation
IfcShapeRepresentation,#17836,IFCSHAPEREPRESENTATION,MappedRepresentation
IfcShapeRepresentation,#17862,IFCSHAPEREPRESENTATION,MappedRepresentation
IfcShapeRepresentation,#17865,IFCSHAPEREPRESENTATION,MappedRepresentation
IfcShapeRepresentation,#17891,IFCSHAPEREPRESENTATION,MappedRepresentation
IfcShapeRepresentation,#17894,IFCSHAPEREPRESENTATION,MappedRepresentation
IfcShapeRepresentation,#19228,IFCSHAPEREPRESENTATION,SurfaceModel
IfcShapeRepresentation,#19257,IFCSHAPEREPRESENTATION,GeometricSet
IfcShapeRepresentation,#19264,IFCSHAPEREPRESENTATION,MappedRepresentation
IfcShapeRepresentation,#19267,IFCSHAPEREPRESENTATION,MappedRepresentation
IfcShapeRepresentation,#20610,IFCSHAPEREPRESENTATION,SurfaceModel
IfcShapeRepresentation,#20639,IFCSHAPEREPRESENTATION,GeometricSet
IfcShapeRepresentation,#20646,IFCSHAPEREPRESENTATION,MappedRepresentation
IfcShapeRepresentation,#20649,IFCSHAPEREPRESENTATION,MappedRepresentation
IfcShapeRepresentation,#20715,IFCSHAPEREPRESENTATION,MappedRepresentation
IfcShapeRepresentation,#20718,IFCSHAPEREPRESENTATION,MappedRepresentation
IfcShapeRepresentation,#20744,IFCSHAPEREPRESENTATION,MappedRepresentation
IfcShapeRepresentation,#20747,IFCSHAPEREPRESENTATION,MappedRepresentation
IfcShapeRepresentation,#20790,IFCSHAPEREPRESENTATION,SweptSolid
IfcShapeRepresentation,#20901,IFCSHAPEREPRESENTATION,SweptSolid
IfcShapeRepresentation,#20956,IFCSHAPEREPRESENTATION,SweptSolid
IfcShapeRepresentation,#21011,IFCSHAPEREPRESENTATION,SweptSolid
IfcShapeRepresentation,#21078,IFCSHAPEREPRESENTATION,SweptSolid
IfcShapeRepresentation,#21145,IFCSHAPEREPRESENTATION,SweptSolid
IfcShapeRepresentation,#21193,IFCSHAPEREPRESENTATION,SweptSolid
IfcShapeRepresentation,#21334,IFCSHAPEREPRESENTATION,SweptSolid
IfcShapeRepresentation,#21399,IFCSHAPEREPRESENTATION,SweptSolid
IfcShapeRepresentation,#21447,IFCSHAPEREPRESENTATION,SweptSolid
IfcShapeRepresentation,#21495,IFCSHAPEREPRESENTATION,SweptSolid
IfcShapeRepresentation,#21543,IFCSHAPEREPRESENTATION,SweptSolid
IfcShapeRepresentation,#21608,IFCSHAPEREPRESENTATION,SweptSolid
IfcShapeRepresentation,#21656,IFCSHAPEREPRESENTATION,SweptSolid
IfcShapeRepresentation,#21700,IFCSHAPEREPRESENTATION,SweptSolid
IfcShapeRepresentation,#21764,IFCSHAPEREPRESENTATION,SweptSolid
IfcShapeRepresentation,#21803,IFCSHAPEREPRESENTATION,GeometricSet
IfcShapeRepresentation,#21811,IFCSHAPEREPRESENTATION,MappedRepresentation
IfcShapeRepresentation,#21814,IFCSHAPEREPRESENTATION,MappedRepresentation
IfcShapeRepresentation,#21910,IFCSHAPEREPRESENTATION,SweptSolid
IfcShapeRepresentation,#21919,IFCSHAPEREPRESENTATION,MappedRepresentation
IfcShapeRepresentation,#21922,IFCSHAPEREPRESENTATION,MappedRepresentation
IfcShapeRepresentation,#21961,IFCSHAPEREPRESENTATION,SweptSolid
IfcShapeRepresentation,#21970,IFCSHAPEREPRESENTATION,MappedRepresentation
IfcShapeRepresentation,#21973,IFCSHAPEREPRESENTATION,MappedRepresentation
IfcShapeRepresentation,#22013,IFCSHAPEREPRESENTATION,SweptSolid
IfcShapeRepresentation,#22022,IFCSHAPEREPRESENTATION,MappedRepresentation
IfcShapeRepresentation,#22025,IFCSHAPEREPRESENTATION,MappedRepresentation
IfcShapeRepresentation,#22065,IFCSHAPEREPRESENTATION,SweptSolid
IfcShapeRepresentation,#22074,IFCSHAPEREPRESENTATION,MappedRepresentation
IfcShapeRepresentation,#22077,IFCSHAPEREPRESENTATION,MappedRepresentation
IfcShapeRepresentation,#22117,IFCSHAPEREPRESENTATION,SweptSolid
IfcShapeRepresentation,#22126,IFCSHAPEREPRESENTATION,MappedRepresentation
IfcShapeRepresentation,#22129,IFCSHAPEREPRESENTATION,MappedRepresentation
IfcShapeRepresentation,#22169,IFCSHAPEREPRESENTATION,SweptSolid
IfcShapeRepresentation,#22178,IFCSHAPEREPRESENTATION,MappedRepresentation
IfcShapeRepresentation,#22181,IFCSHAPEREPRESENTATION,MappedRepresentation
IfcShapeRepresentation,#22221,IFCSHAPEREPRESENTATION,SweptSolid
IfcShapeRepresentation,#22230,IFCSHAPEREPRESENTATION,MappedRepresentation
IfcShapeRepresentation,#22233,IFCSHAPEREPRESENTATION,MappedRepresentation
IfcShapeRepresentation,#22273,IFCSHAPEREPRESENTATION,SweptSolid
IfcShapeRepresentation,#22282,IFCSHAPEREPRESENTATION,MappedRepresentation
IfcShapeRepresentation,#22285,IFCSHAPEREPRESENTATION,MappedRepresentation
IfcShapeRepresentation,#22325,IFCSHAPEREPRESENTATION,SweptSolid
IfcShapeRepresentation,#22334,IFCSHAPEREPRESENTATION,MappedRepresentation
IfcShapeRepresentation,#22337,IFCSHAPEREPRESENTATION,MappedRepresentation
IfcShapeRepresentation,#22377,IFCSHAPEREPRESENTATION,SweptSolid
IfcShapeRepresentation,#22386,IFCSHAPEREPRESENTATION,MappedRepresentation
IfcShapeRepresentation,#22389,IFCSHAPEREPRESENTATION,MappedRepresentation
IfcShapeRepresentation,#22429,IFCSHAPEREPRESENTATION,SweptSolid
IfcShapeRepresentation,#22438,IFCSHAPEREPRESENTATION,MappedRepresentation
IfcShapeRepresentation,#22441,IFCSHAPEREPRESENTATION,MappedRepresentation
IfcShapeRepresentation,#22489,IFCSHAPEREPRESENTATION,SweptSolid
IfcShapeRepresentation,#22502,IFCSHAPEREPRESENTATION,SweptSolid
IfcShapeRepresentation,#22516,IFCSHAPEREPRESENTATION,SweptSolid
IfcShapeRepresentation,#22528,IFCSHAPEREPRESENTATION,SweptSolid
IfcShapeRepresentation,#22541,IFCSHAPEREPRESENTATION,SweptSolid
IfcShapeRepresentation,#22653,IFCSHAPEREPRESENTATION,Curve2D
IfcShapeRepresentation,#22661,IFCSHAPEREPRESENTATION,SweptSolid
IfcShapeRepresentation,#22698,IFCSHAPEREPRESENTATION,Curve2D
IfcShapeRepresentation,#22706,IFCSHAPEREPRESENTATION,SweptSolid
IfcShapeRepresentation,#22743,IFCSHAPEREPRESENTATION,Curve2D
IfcShapeRepresentation,#22751,IFCSHAPEREPRESENTATION,SweptSolid
IfcShapeRepresentation,#22788,IFCSHAPEREPRESENTATION,Curve2D
IfcShapeRepresentation,#22796,IFCSHAPEREPRESENTATION,SweptSolid
IfcShapeRepresentation,#23117,IFCSHAPEREPRESENTATION,SurfaceModel
IfcShapeRepresentation,#23143,IFCSHAPEREPRESENTATION,GeometricSet
IfcShapeRepresentation,#23151,IFCSHAPEREPRESENTATION,MappedRepresentation
IfcShapeRepresentation,#23154,IFCSHAPEREPRESENTATION,MappedRepresentation
IfcShapeRepresentation,#23240,IFCSHAPEREPRESENTATION,MappedRepresentation
IfcShapeRepresentation,#23243,IFCSHAPEREPRESENTATION,MappedRepresentation
IfcShapeRepresentation,#23284,IFCSHAPEREPRESENTATION,SweptSolid
IfcShapeRepresentation,#23367,IFCSHAPEREPRESENTATION,SweptSolid
IfcShapeRepresentation,#23406,IFCSHAPEREPRESENTATION,SweptSolid
IfcShapeRepresentation,#23444,IFCSHAPEREPRESENTATION,SweptSolid
IfcShapeRepresentation,#23483,IFCSHAPEREPRESENTATION,SweptSolid
IfcShapeRepresentation,#23522,IFCSHAPEREPRESENTATION,SweptSolid
IfcShapeRepresentation,#23560,IFCSHAPEREPRESENTATION,SweptSolid
IfcShapeRepresentation,#23669,IFCSHAPEREPRESENTATION,SurfaceModel
IfcShapeRepresentation,#23766,IFCSHAPEREPRESENTATION,SurfaceModel
IfcShapeRepresentation,#23824,IFCSHAPEREPRESENTATION,SurfaceModel
IfcShapeRepresentation,#23882,IFCSHAPEREPRESENTATION,SurfaceModel
IfcShapeRepresentation,#23990,IFCSHAPEREPRESENTATION,SurfaceModel
IfcShapeRepresentation,#24058,IFCSHAPEREPRESENTATION,SurfaceModel
IfcShapeRepresentation,#24126,IFCSHAPEREPRESENTATION,SurfaceModel
IfcShapeRepresentation,#24184,IFCSHAPEREPRESENTATION,SurfaceModel
IfcShapeRepresentation,#24266,IFCSHAPEREPRESENTATION,SurfaceModel
IfcShapeRepresentation,#24324,IFCSHAPEREPRESENTATION,SurfaceModel
IfcShapeRepresentation,#24406,IFCSHAPEREPRESENTATION,SurfaceModel
IfcShapeRepresentation,#24474,IFCSHAPEREPRESENTATION,SurfaceModel
IfcShapeRepresentation,#24542,IFCSHAPEREPRESENTATION,SurfaceModel
IfcShapeRepresentation,#24575,IFCSHAPEREPRESENTATION,Curve2D
IfcShapeRepresentation,#24594,IFCSHAPEREPRESENTATION,Clipping
IfcShapeRepresentation,#24670,IFCSHAPEREPRESENTATION,Curve2D
IfcShapeRepresentation,#24678,IFCSHAPEREPRESENTATION,SweptSolid
IfcShapeRepresentation,#24713,IFCSHAPEREPRESENTATION,Curve2D
IfcShapeRepresentation,#24721,IFCSHAPEREPRESENTATION,SweptSolid
IfcShapeRepresentation,#24758,IFCSHAPEREPRESENTATION,Curve2D
IfcShapeRepresentation,#24766,IFCSHAPEREPRESENTATION,SweptSolid
IfcShapeRepresentation,#24803,IFCSHAPEREPRESENTATION,Curve2D
IfcShapeRepresentation,#24811,IFCSHAPEREPRESENTATION,SweptSolid
IfcShapeRepresentation,#26909,IFCSHAPEREPRESENTATION,SurfaceModel
IfcShapeRepresentation,#26923,IFCSHAPEREPRESENTATION,GeometricSet
IfcShapeRepresentation,#26930,IFCSHAPEREPRESENTATION,MappedRepresentation
IfcShapeRepresentation,#26933,IFCSHAPEREPRESENTATION,MappedRepresentation
IfcShapeRepresentation,#29066,IFCSHAPEREPRESENTATION,SurfaceModel
IfcShapeRepresentation,#29080,IFCSHAPEREPRESENTATION,GeometricSet
IfcShapeRepresentation,#29087,IFCSHAPEREPRESENTATION,MappedRepresentation
IfcShapeRepresentation,#29090,IFCSHAPEREPRESENTATION,MappedRepresentation
IfcShapeRepresentation,#29116,IFCSHAPEREPRESENTATION,MappedRepresentation
IfcShapeRepresentation,#29119,IFCSHAPEREPRESENTATION,MappedRepresentation
IfcShapeRepresentation,#31209,IFCSHAPEREPRESENTATION,SurfaceModel
IfcShapeRepresentation,#31223,IFCSHAPEREPRESENTATION,GeometricSet
IfcShapeRepresentation,#31230,IFCSHAPEREPRESENTATION,MappedRepresentation
IfcShapeRepresentation,#31233,IFCSHAPEREPRESENTATION,MappedRepresentation
IfcShapeRepresentation,#31302,IFCSHAPEREPRESENTATION,MappedRepresentation
IfcShapeRepresentation,#31305,IFCSHAPEREPRESENTATION,MappedRepresentation
IfcShapeRepresentation,#31331,IFCSHAPEREPRESENTATION,MappedRepresentation
IfcShapeRepresentation,#31334,IFCSHAPEREPRESENTATION,MappedRepresentation
IfcShapeRepresentation,#31360,IFCSHAPEREPRESENTATION,MappedRepresentation
IfcShapeRepresentation,#31363,IFCSHAPEREPRESENTATION,MappedRepresentation
IfcShapeRepresentation,#31389,IFCSHAPEREPRESENTATION,MappedRepresentation
IfcShapeRepresentation,#31392,IFCSHAPEREPRESENTATION,MappedRepresentation
IfcShapeRepresentation,#31421,IFCSHAPEREPRESENTATION,Curve2D
IfcShapeRepresentation,#31429,IFCSHAPEREPRESENTATION,SweptSolid
IfcShapeRepresentation,#31466,IFCSHAPEREPRESENTATION,Curve2D
IfcShapeRepresentation,#31474,IFCSHAPEREPRESENTATION,SweptSolid
IfcShapeRepresentation,#31523,IFCSHAPEREPRESENTATION,GeometricSet
IfcShapeRepresentation,#31527,IFCSHAPEREPRESENTATION,Curve2D
IfcShapeRepresentation,#32060,IFCSHAPEREPRESENTATION,SweptSolid
IfcShapeRepresentation,#32093,IFCSHAPEREPRESENTATION,SweptSolid
IfcShapeRepresentation,#32112,IFCSHAPEREPRESENTATION,SweptSolid
IfcShapeRepresentation,#32344,IFCSHAPEREPRESENTATION,SurfaceModel
IfcShapeRepresentation,#35161,IFCSHAPEREPRESENTATION,SurfaceModel
IfcShapeRepresentation,#35189,IFCSHAPEREPRESENTATION,Curve2D
IfcShapeRepresentation,#35197,IFCSHAPEREPRESENTATION,SweptSolid
IfcShapeRepresentation,#35236,IFCSHAPEREPRESENTATION,SweptSolid
IfcShapeRepresentation,#35282,IFCSHAPEREPRESENTATION,SweptSolid
IfcShapeRepresentation,#35300,IFCSHAPEREPRESENTATION,GeometricSet
IfcShapeRepresentation,#35308,IFCSHAPEREPRESENTATION,MappedRepresentation
IfcShapeRepresentation,#35311,IFCSHAPEREPRESENTATION,MappedRepresentation
IfcShapeRepresentation,#35347,IFCSHAPEREPRESENTATION,Curve2D
IfcShapeRepresentation,#35355,IFCSHAPEREPRESENTATION,SweptSolid
IfcShapeRepresentation,#35394,IFCSHAPEREPRESENTATION,SweptSolid
IfcShapeRepresentation,#35403,IFCSHAPEREPRESENTATION,MappedRepresentation
IfcShapeRepresentation,#35406,IFCSHAPEREPRESENTATION,MappedRepresentation
IfcShapeRepresentation,#35442,IFCSHAPEREPRESENTATION,Curve2D
IfcShapeRepresentation,#35450,IFCSHAPEREPRESENTATION,SweptSolid
IfcShapeRepresentation,#35487,IFCSHAPEREPRESENTATION,Curve2D
IfcShapeRepresentation,#35495,IFCSHAPEREPRESENTATION,SweptSolid
IfcShapeRepresentation,#35769,IFCSHAPEREPRESENTATION,SurfaceModel
IfcShapeRepresentation,#35775,IFCSHAPEREPRESENTATION,MappedRepresentation
IfcShapeRepresentation,#35846,IFCSHAPEREPRESENTATION,MappedRepresentation
IfcShapeRepresentation,#36111,IFCSHAPEREPRESENTATION,SurfaceModel
IfcShapeRepresentation,#36117,IFCSHAPEREPRESENTATION,MappedRepresentation
IfcShapeRepresentation,#36143,IFCSHAPEREPRESENTATION,MappedRepresentation
IfcShapeRepresentation,#36409,IFCSHAPEREPRESENTATION,SurfaceModel
IfcShapeRepresentation,#36415,IFCSHAPEREPRESENTATION,MappedRepresentation
IfcShapeRepresentation,#36486,IFCSHAPEREPRESENTATION,MappedRepresentation
IfcShapeRepresentation,#36489,IFCSHAPEREPRESENTATION,MappedRepresentation
IfcShapeRepresentation,#36515,IFCSHAPEREPRESENTATION,MappedRepresentation
IfcShapeRepresentation,#36518,IFCSHAPEREPRESENTATION,MappedRepresentation
IfcShapeRepresentation,#36544,IFCSHAPEREPRESENTATION,MappedRepresentation
IfcShapeRepresentation,#36547,IFCSHAPEREPRESENTATION,MappedRepresentation
IfcShapeRepresentation,#36573,IFCSHAPEREPRESENTATION,MappedRepresentation
IfcShapeRepresentation,#36576,IFCSHAPEREPRESENTATION,MappedRepresentation
IfcShapeRepresentation,#36602,IFCSHAPEREPRESENTATION,Curve2D
IfcShapeRepresentation,#36684,IFCSHAPEREPRESENTATION,SweptSolid
IfcShapeRepresentation,#36811,IFCSHAPEREPRESENTATION,Curve2D
IfcShapeRepresentation,#36890,IFCSHAPEREPRESENTATION,SweptSolid
IfcShapeRepresentation,#36984,IFCSHAPEREPRESENTATION,Curve2D
IfcShapeRepresentation,#37063,IFCSHAPEREPRESENTATION,SweptSolid
IfcShapeRepresentation,#37114,IFCSHAPEREPRESENTATION,Curve2D
IfcShapeRepresentation,#37193,IFCSHAPEREPRESENTATION,SweptSolid
IfcShapeRepresentation,#37244,IFCSHAPEREPRESENTATION,Curve2D
IfcShapeRepresentation,#37323,IFCSHAPEREPRESENTATION,SweptSolid
IfcShapeRepresentation,#37375,IFCSHAPEREPRESENTATION,Curve2D
IfcShapeRepresentation,#37454,IFCSHAPEREPRESENTATION,SweptSolid
IfcShapeRepresentation,#37505,IFCSHAPEREPRESENTATION,Curve2D
IfcShapeRepresentation,#37584,IFCSHAPEREPRESENTATION,SweptSolid
IfcShapeRepresentation,#37635,IFCSHAPEREPRESENTATION,Curve2D
IfcShapeRepresentation,#37714,IFCSHAPEREPRESENTATION,SweptSolid
IfcShapeRepresentation,#37775,IFCSHAPEREPRESENTATION,SweptSolid
IfcShapeRepresentation,#37862,IFCSHAPEREPRESENTATION,SweptSolid
IfcShapeRepresentation,#37903,IFCSHAPEREPRESENTATION,Curve2D
IfcShapeRepresentation,#37911,IFCSHAPEREPRESENTATION,SweptSolid
IfcShapeRepresentation,#37960,IFCSHAPEREPRESENTATION,Curve2D
IfcShapeRepresentation,#37968,IFCSHAPEREPRESENTATION,SweptSolid
IfcShapeRepresentation,#38005,IFCSHAPEREPRESENTATION,Curve2D
IfcShapeRepresentation,#38013,IFCSHAPEREPRESENTATION,SweptSolid
IfcShapeRepresentation,#38050,IFCSHAPEREPRESENTATION,Curve2D
IfcShapeRepresentation,#38058,IFCSHAPEREPRESENTATION,SweptSolid
IfcShapeRepresentation,#38095,IFCSHAPEREPRESENTATION,Curve2D
IfcShapeRepresentation,#38103,IFCSHAPEREPRESENTATION,SweptSolid
IfcShapeRepresentation,#38140,IFCSHAPEREPRESENTATION,Curve2D
IfcShapeRepresentation,#38148,IFCSHAPEREPRESENTATION,SweptSolid
IfcShapeRepresentation,#38185,IFCSHAPEREPRESENTATION,Curve2D
IfcShapeRepresentation,#38193,IFCSHAPEREPRESENTATION,SweptSolid
IfcShapeRepresentation,#38230,IFCSHAPEREPRESENTATION,Curve2D
IfcShapeRepresentation,#38238,IFCSHAPEREPRESENTATION,SweptSolid
